2025-10-24 18:42:21 - === DASHBOARD ACCESSED ===
2025-10-24 18:42:21 - Loading required files
2025-10-24 18:42:21 - Required files loaded successfully
2025-10-24 18:42:21 - MpesaService loaded successfully
2025-10-24 18:42:21 - User ID: 1
2025-10-24 18:42:21 - User orders: 8, Events: 2
2025-10-24 18:42:21 - Rendering dashboard page
2025-10-24 18:42:32 - === DASHBOARD ACCESSED ===
2025-10-24 18:42:32 - Loading required files
2025-10-24 18:42:32 - Required files loaded successfully
2025-10-24 18:42:32 - MpesaService loaded successfully
2025-10-24 18:42:32 - User ID: 1
2025-10-24 18:42:32 - User orders: 8, Events: 2
2025-10-24 18:42:32 - POST request received: Array
(
    [process_payment] => 1
    [order_id] => 10
    [phone] => 0722524741
    [amount] => 1
)

2025-10-24 18:42:32 - Processing M-Pesa payment...
2025-10-24 18:44:54 - === DASHBOARD ACCESSED ===
2025-10-24 18:44:54 - Loading required files
2025-10-24 18:44:54 - Required files loaded successfully
2025-10-24 18:44:54 - MpesaService loaded successfully
2025-10-24 18:44:54 - User ID: 1
2025-10-24 18:44:54 - User orders: 8, Events: 2
2025-10-24 18:44:54 - Rendering dashboard page
2025-10-24 18:44:56 - === DASHBOARD ACCESSED ===
2025-10-24 18:44:56 - Loading required files
2025-10-24 18:44:56 - Required files loaded successfully
2025-10-24 18:44:56 - MpesaService loaded successfully
2025-10-24 18:44:56 - User ID: 1
2025-10-24 18:44:56 - User orders: 8, Events: 2
2025-10-24 18:44:56 - POST request received: Array
(
    [process_payment] => 1
    [order_id] => 10
    [phone] => 0722524741
    [amount] => 1
)

2025-10-24 18:44:56 - Processing M-Pesa payment...
2025-10-24 18:44:56 - MpesaService initialized
2025-10-24 18:44:56 - Callback URL: http://localhost/API_D12/mpesa/mpesa_callback.php
2025-10-24 18:44:56 - Phone validated: 254722524741
2025-10-24 18:44:56 - Initiating STK Push...
2025-10-24 18:44:57 - Payment Error: STK Push request failed. HTTP Code: 400 Response: {
                    "requestId":"f6c5-4063-8be2-2d008a33303d12923",
                    "errorCode": "400.002.02",
                    "errorMessage": "Bad Request - Invalid Amount"
                }
            
2025-10-24 18:44:57 - === DASHBOARD ACCESSED ===
2025-10-24 18:44:57 - Loading required files
2025-10-24 18:44:57 - Required files loaded successfully
2025-10-24 18:44:57 - MpesaService loaded successfully
2025-10-24 18:44:57 - User ID: 1
2025-10-24 18:44:57 - User orders: 8, Events: 2
2025-10-24 18:44:57 - Rendering dashboard page
2025-10-24 18:45:32 - === DASHBOARD ACCESSED ===
2025-10-24 18:45:32 - Loading required files
2025-10-24 18:45:32 - Required files loaded successfully
2025-10-24 18:45:32 - MpesaService loaded successfully
2025-10-24 18:45:32 - User ID: 1
2025-10-24 18:45:32 - User orders: 8, Events: 2
2025-10-24 18:45:32 - POST request received: Array
(
    [process_payment] => 1
    [order_id] => 10
    [phone] => 0722524741
    [amount] => 120
)

2025-10-24 18:45:32 - Processing M-Pesa payment...
2025-10-24 18:45:32 - MpesaService initialized
2025-10-24 18:45:32 - Callback URL: http://localhost/API_D12/mpesa/mpesa_callback.php
2025-10-24 18:45:32 - Phone validated: 254722524741
2025-10-24 18:45:32 - Initiating STK Push...
2025-10-24 18:45:33 - Payment Error: STK Push request failed. HTTP Code: 400 Response: {
                    "requestId":"f6c5-4063-8be2-2d008a33303d12937",
                    "errorCode": "400.002.02",
                    "errorMessage": "Bad Request - Invalid Amount"
                }
            
2025-10-24 18:45:33 - === DASHBOARD ACCESSED ===
2025-10-24 18:45:33 - Loading required files
2025-10-24 18:45:33 - Required files loaded successfully
2025-10-24 18:45:33 - MpesaService loaded successfully
2025-10-24 18:45:33 - User ID: 1
2025-10-24 18:45:33 - User orders: 8, Events: 2
2025-10-24 18:45:33 - Rendering dashboard page
2025-10-24 18:45:32 - === DASHBOARD ACCESSED ===
2025-10-24 18:45:32 - Loading required files
2025-10-24 18:45:32 - Required files loaded successfully
2025-10-24 18:45:32 - MpesaService loaded successfully
2025-10-24 18:45:32 - User ID: 1
2025-10-24 18:45:32 - User orders: 8, Events: 2
2025-10-24 18:45:32 - Rendering dashboard page
2025-10-24 18:45:39 - === DASHBOARD ACCESSED ===
2025-10-24 18:45:39 - Loading required files
2025-10-24 18:45:39 - Required files loaded successfully
2025-10-24 18:45:39 - MpesaService loaded successfully
2025-10-24 18:45:39 - User ID: 1
2025-10-24 18:45:39 - User orders: 8, Events: 2
2025-10-24 18:45:39 - POST request received: Array
(
    [process_payment] => 1
    [order_id] => 10
    [phone] => 0722524741
    [amount] => 122
)

2025-10-24 18:45:39 - Processing M-Pesa payment...
2025-10-24 18:45:40 - MpesaService initialized
2025-10-24 18:45:40 - Callback URL: http://localhost/API_D12/mpesa/mpesa_callback.php
2025-10-24 18:45:40 - Phone validated: 254722524741
2025-10-24 18:45:40 - Initiating STK Push...
2025-10-24 18:45:40 - Payment Error: STK Push request failed. HTTP Code: 400 Response: {
                    "requestId":"13c7-48d4-9578-55af6c2a47b84920",
                    "errorCode": "400.002.02",
                    "errorMessage": "Bad Request - Invalid Amount"
                }
            
2025-10-24 18:45:41 - === DASHBOARD ACCESSED ===
2025-10-24 18:45:41 - Loading required files
2025-10-24 18:45:41 - Required files loaded successfully
2025-10-24 18:45:41 - MpesaService loaded successfully
2025-10-24 18:45:41 - User ID: 1
2025-10-24 18:45:41 - User orders: 8, Events: 2
2025-10-24 18:45:41 - Rendering dashboard page
2025-10-24 18:59:02 - === DASHBOARD ACCESSED ===
2025-10-24 18:59:02 - Loading required files
2025-10-24 18:59:02 - Required files loaded successfully
2025-10-24 18:59:02 - MpesaService loaded successfully
2025-10-24 18:59:02 - User ID: 1
2025-10-24 18:59:02 - User orders: 8, Events: 2
2025-10-24 18:59:02 - Rendering dashboard page
2025-10-24 18:59:07 - === DASHBOARD ACCESSED ===
2025-10-24 18:59:07 - Loading required files
2025-10-24 18:59:07 - Required files loaded successfully
2025-10-24 18:59:07 - MpesaService loaded successfully
2025-10-24 18:59:07 - User ID: 1
2025-10-24 18:59:07 - User orders: 8, Events: 2
2025-10-24 18:59:07 - POST request received: Array
(
    [process_payment] => 1
    [order_id] => 10
    [phone] => 0722524741
)

2025-10-24 18:59:07 - Processing M-Pesa payment...
2025-10-24 18:59:07 - Original amount: 2500.00, M-Pesa amount: 2500
2025-10-24 18:59:07 - MpesaService initialized
2025-10-24 18:59:08 - Callback URL: http://localhost/API_D12/mpesa/mpesa_callback.php
2025-10-24 18:59:08 - Phone validated: 254722524741
2025-10-24 18:59:08 - Initiating STK Push with amount: 2500
2025-10-24 18:59:09 - Payment Error: STK Push request failed. HTTP Code: 400 Response: {
                    "requestId":"5e02-4ed1-a49f-22669de532c08392",
                    "errorCode": "400.002.02",
                    "errorMessage": "Bad Request - Invalid CallBackURL"
                }
            
2025-10-24 18:59:09 - === DASHBOARD ACCESSED ===
2025-10-24 18:59:09 - Loading required files
2025-10-24 18:59:09 - Required files loaded successfully
2025-10-24 18:59:09 - MpesaService loaded successfully
2025-10-24 18:59:09 - User ID: 1
2025-10-24 18:59:09 - User orders: 8, Events: 2
2025-10-24 18:59:09 - Rendering dashboard page
2025-10-24 19:03:37 - === DASHBOARD ACCESSED ===
2025-10-24 19:03:37 - Loading required files
2025-10-24 19:03:37 - Required files loaded successfully
2025-10-24 19:03:37 - MpesaService loaded successfully
2025-10-24 19:03:37 - User ID: 1
2025-10-24 19:03:37 - User orders: 8, Events: 2
2025-10-24 19:03:37 - Rendering dashboard page
2025-10-24 19:03:43 - === DASHBOARD ACCESSED ===
2025-10-24 19:03:43 - Loading required files
2025-10-24 19:03:43 - Required files loaded successfully
2025-10-24 19:03:43 - MpesaService loaded successfully
2025-10-24 19:03:43 - User ID: 1
2025-10-24 19:03:43 - User orders: 8, Events: 2
2025-10-24 19:03:43 - POST request received: Array
(
    [process_payment] => 1
    [order_id] => 10
    [phone] => 0722524741
)

2025-10-24 19:03:43 - Processing M-Pesa payment...
2025-10-24 19:03:43 - Original amount: 2500.00, M-Pesa amount: 2500
2025-10-24 19:03:43 - MpesaService initialized
2025-10-24 19:03:43 - Using ngrok Callback URL: https://tom-primatial-noncontrollablely.ngrok-free.dev/mpesa/mpesa_callback.php
2025-10-24 19:03:43 - Phone validated: 254722524741
2025-10-24 19:03:43 - Initiating STK Push with amount: 2500
2025-10-24 19:03:45 - STK Response: Array
(
    [MerchantRequestID] => 13c7-48d4-9578-55af6c2a47b85132
    [CheckoutRequestID] => ws_CO_24102025220343442722524741
    [ResponseCode] => 0
    [ResponseDescription] => Success. Request accepted for processing
    [CustomerMessage] => Success. Request accepted for processing
)

2025-10-24 19:03:45 - Transaction record created
2025-10-24 19:03:45 - Order updated with checkout request ID
2025-10-24 19:03:45 - Payment initiated successfully
2025-10-24 19:03:45 - === DASHBOARD ACCESSED ===
2025-10-24 19:03:45 - Loading required files
2025-10-24 19:03:45 - Required files loaded successfully
2025-10-24 19:03:45 - MpesaService loaded successfully
2025-10-24 19:03:45 - User ID: 1
2025-10-24 19:03:45 - User orders: 8, Events: 2
2025-10-24 19:03:45 - Rendering dashboard page
2025-10-24 19:03:50 - === DASHBOARD ACCESSED ===
2025-10-24 19:03:50 - Loading required files
2025-10-24 19:03:50 - Required files loaded successfully
2025-10-24 19:03:50 - MpesaService loaded successfully
2025-10-24 19:03:50 - User ID: 1
2025-10-24 19:03:50 - User orders: 8, Events: 2
2025-10-24 19:03:50 - Rendering dashboard page
2025-10-24 19:03:56 - === DASHBOARD ACCESSED ===
2025-10-24 19:03:56 - Loading required files
2025-10-24 19:03:56 - Required files loaded successfully
2025-10-24 19:03:56 - MpesaService loaded successfully
2025-10-24 19:03:56 - User ID: 1
2025-10-24 19:03:56 - User orders: 8, Events: 2
2025-10-24 19:03:56 - Rendering dashboard page
2025-10-24 19:04:01 - === DASHBOARD ACCESSED ===
2025-10-24 19:04:01 - Loading required files
2025-10-24 19:04:02 - Required files loaded successfully
2025-10-24 19:04:02 - MpesaService loaded successfully
2025-10-24 19:04:02 - User ID: 1
2025-10-24 19:04:02 - User orders: 8, Events: 2
2025-10-24 19:04:02 - Rendering dashboard page
2025-10-24 19:04:07 - === DASHBOARD ACCESSED ===
2025-10-24 19:04:07 - Loading required files
2025-10-24 19:04:07 - Required files loaded successfully
2025-10-24 19:04:07 - MpesaService loaded successfully
2025-10-24 19:04:07 - User ID: 1
2025-10-24 19:04:07 - User orders: 8, Events: 2
2025-10-24 19:04:07 - Rendering dashboard page
2025-10-24 19:04:13 - === DASHBOARD ACCESSED ===
2025-10-24 19:04:13 - Loading required files
2025-10-24 19:04:13 - Required files loaded successfully
2025-10-24 19:04:13 - MpesaService loaded successfully
2025-10-24 19:04:13 - User ID: 1
2025-10-24 19:04:13 - User orders: 8, Events: 2
2025-10-24 19:04:13 - Rendering dashboard page
2025-10-24 19:04:15 - === DASHBOARD ACCESSED ===
2025-10-24 19:04:15 - Loading required files
2025-10-24 19:04:15 - Required files loaded successfully
2025-10-24 19:04:15 - MpesaService loaded successfully
2025-10-24 19:04:15 - User ID: 1
2025-10-24 19:04:15 - User orders: 8, Events: 2
2025-10-24 19:04:15 - Rendering dashboard page
2025-10-24 19:04:21 - === DASHBOARD ACCESSED ===
2025-10-24 19:04:21 - Loading required files
2025-10-24 19:04:21 - Required files loaded successfully
2025-10-24 19:04:21 - MpesaService loaded successfully
2025-10-24 19:04:21 - User ID: 1
2025-10-24 19:04:21 - User orders: 8, Events: 2
2025-10-24 19:04:22 - Rendering dashboard page
2025-10-24 19:04:28 - === DASHBOARD ACCESSED ===
2025-10-24 19:04:28 - Loading required files
2025-10-24 19:04:28 - Required files loaded successfully
2025-10-24 19:04:28 - MpesaService loaded successfully
2025-10-24 19:04:28 - User ID: 1
2025-10-24 19:04:28 - User orders: 8, Events: 2
2025-10-24 19:04:28 - Rendering dashboard page
2025-10-24 19:04:34 - === DASHBOARD ACCESSED ===
2025-10-24 19:04:34 - Loading required files
2025-10-24 19:04:35 - Required files loaded successfully
2025-10-24 19:04:35 - MpesaService loaded successfully
2025-10-24 19:04:35 - User ID: 1
2025-10-24 19:04:35 - User orders: 8, Events: 2
2025-10-24 19:04:35 - Rendering dashboard page
2025-10-24 19:04:41 - === DASHBOARD ACCESSED ===
2025-10-24 19:04:41 - Loading required files
2025-10-24 19:04:41 - Required files loaded successfully
2025-10-24 19:04:41 - MpesaService loaded successfully
2025-10-24 19:04:41 - User ID: 1
2025-10-24 19:04:41 - User orders: 8, Events: 2
2025-10-24 19:04:41 - Rendering dashboard page
2025-10-24 19:04:45 - === DASHBOARD ACCESSED ===
2025-10-24 19:04:45 - Loading required files
2025-10-24 19:04:45 - Required files loaded successfully
2025-10-24 19:04:45 - MpesaService loaded successfully
2025-10-24 19:04:45 - User ID: 1
2025-10-24 19:04:45 - User orders: 8, Events: 2
2025-10-24 19:04:45 - Rendering dashboard page
2025-10-24 19:04:51 - === DASHBOARD ACCESSED ===
2025-10-24 19:04:51 - Loading required files
2025-10-24 19:04:51 - Required files loaded successfully
2025-10-24 19:04:51 - MpesaService loaded successfully
2025-10-24 19:04:51 - User ID: 1
2025-10-24 19:04:51 - User orders: 8, Events: 2
2025-10-24 19:04:52 - Rendering dashboard page
2025-10-24 19:04:58 - === DASHBOARD ACCESSED ===
2025-10-24 19:04:58 - Loading required files
2025-10-24 19:04:58 - Required files loaded successfully
2025-10-24 19:04:58 - MpesaService loaded successfully
2025-10-24 19:04:58 - User ID: 1
2025-10-24 19:04:58 - User orders: 8, Events: 2
2025-10-24 19:04:58 - Rendering dashboard page
2025-10-24 19:05:04 - === DASHBOARD ACCESSED ===
2025-10-24 19:05:04 - Loading required files
2025-10-24 19:05:04 - Required files loaded successfully
2025-10-24 19:05:04 - MpesaService loaded successfully
2025-10-24 19:05:04 - User ID: 1
2025-10-24 19:05:05 - User orders: 8, Events: 2
2025-10-24 19:05:05 - Rendering dashboard page
2025-10-24 19:05:11 - === DASHBOARD ACCESSED ===
2025-10-24 19:05:11 - Loading required files
2025-10-24 19:05:11 - Required files loaded successfully
2025-10-24 19:05:11 - MpesaService loaded successfully
2025-10-24 19:05:11 - User ID: 1
2025-10-24 19:05:11 - User orders: 8, Events: 2
2025-10-24 19:05:11 - Rendering dashboard page
2025-10-24 19:05:15 - === DASHBOARD ACCESSED ===
2025-10-24 19:05:15 - Loading required files
2025-10-24 19:05:15 - Required files loaded successfully
2025-10-24 19:05:15 - MpesaService loaded successfully
2025-10-24 19:05:15 - User ID: 1
2025-10-24 19:05:15 - User orders: 8, Events: 2
2025-10-24 19:05:15 - Rendering dashboard page
2025-10-24 19:05:21 - === DASHBOARD ACCESSED ===
2025-10-24 19:05:21 - Loading required files
2025-10-24 19:05:21 - Required files loaded successfully
2025-10-24 19:05:21 - MpesaService loaded successfully
2025-10-24 19:05:21 - User ID: 1
2025-10-24 19:05:22 - User orders: 8, Events: 2
2025-10-24 19:05:22 - Rendering dashboard page
2025-10-24 19:05:28 - === DASHBOARD ACCESSED ===
2025-10-24 19:05:28 - Loading required files
2025-10-24 19:05:28 - Required files loaded successfully
2025-10-24 19:05:28 - MpesaService loaded successfully
2025-10-24 19:05:28 - User ID: 1
2025-10-24 19:05:28 - User orders: 8, Events: 2
2025-10-24 19:05:28 - Rendering dashboard page
2025-10-24 19:05:34 - === DASHBOARD ACCESSED ===
2025-10-24 19:05:34 - Loading required files
2025-10-24 19:05:35 - Required files loaded successfully
2025-10-24 19:05:35 - MpesaService loaded successfully
2025-10-24 19:05:35 - User ID: 1
2025-10-24 19:05:35 - User orders: 8, Events: 2
2025-10-24 19:05:35 - Rendering dashboard page
2025-10-24 19:05:41 - === DASHBOARD ACCESSED ===
2025-10-24 19:05:41 - Loading required files
2025-10-24 19:05:41 - Required files loaded successfully
2025-10-24 19:05:41 - MpesaService loaded successfully
2025-10-24 19:05:41 - User ID: 1
2025-10-24 19:05:41 - User orders: 8, Events: 2
2025-10-24 19:05:41 - Rendering dashboard page
2025-10-24 19:05:45 - === DASHBOARD ACCESSED ===
2025-10-24 19:05:45 - Loading required files
2025-10-24 19:05:45 - Required files loaded successfully
2025-10-24 19:05:45 - MpesaService loaded successfully
2025-10-24 19:05:45 - User ID: 1
2025-10-24 19:05:45 - User orders: 8, Events: 2
2025-10-24 19:05:45 - Rendering dashboard page
2025-10-24 19:05:51 - === DASHBOARD ACCESSED ===
2025-10-24 19:05:51 - Loading required files
2025-10-24 19:05:51 - Required files loaded successfully
2025-10-24 19:05:51 - MpesaService loaded successfully
2025-10-24 19:05:51 - User ID: 1
2025-10-24 19:05:52 - User orders: 8, Events: 2
2025-10-24 19:05:52 - Rendering dashboard page
2025-10-24 19:05:58 - === DASHBOARD ACCESSED ===
2025-10-24 19:05:58 - Loading required files
2025-10-24 19:05:58 - Required files loaded successfully
2025-10-24 19:05:58 - MpesaService loaded successfully
2025-10-24 19:05:58 - User ID: 1
2025-10-24 19:05:58 - User orders: 8, Events: 2
2025-10-24 19:05:58 - Rendering dashboard page
2025-10-24 19:06:04 - === DASHBOARD ACCESSED ===
2025-10-24 19:06:04 - Loading required files
2025-10-24 19:06:04 - Required files loaded successfully
2025-10-24 19:06:05 - MpesaService loaded successfully
2025-10-24 19:06:05 - User ID: 1
2025-10-24 19:06:05 - User orders: 8, Events: 2
2025-10-24 19:06:05 - Rendering dashboard page
2025-10-24 19:06:11 - === DASHBOARD ACCESSED ===
2025-10-24 19:06:11 - Loading required files
2025-10-24 19:06:11 - Required files loaded successfully
2025-10-24 19:06:11 - MpesaService loaded successfully
2025-10-24 19:06:11 - User ID: 1
2025-10-24 19:06:11 - User orders: 8, Events: 2
2025-10-24 19:06:11 - Rendering dashboard page
2025-10-24 19:06:15 - === DASHBOARD ACCESSED ===
2025-10-24 19:06:15 - Loading required files
2025-10-24 19:06:15 - Required files loaded successfully
2025-10-24 19:06:15 - MpesaService loaded successfully
2025-10-24 19:06:15 - User ID: 1
2025-10-24 19:06:15 - User orders: 8, Events: 2
2025-10-24 19:06:15 - Rendering dashboard page
2025-10-24 19:06:21 - === DASHBOARD ACCESSED ===
2025-10-24 19:06:21 - Loading required files
2025-10-24 19:06:21 - Required files loaded successfully
2025-10-24 19:06:21 - MpesaService loaded successfully
2025-10-24 19:06:22 - User ID: 1
2025-10-24 19:06:22 - User orders: 8, Events: 2
2025-10-24 19:06:22 - Rendering dashboard page
2025-10-24 19:06:28 - === DASHBOARD ACCESSED ===
2025-10-24 19:06:28 - Loading required files
2025-10-24 19:06:28 - Required files loaded successfully
2025-10-24 19:06:28 - MpesaService loaded successfully
2025-10-24 19:06:28 - User ID: 1
2025-10-24 19:06:28 - User orders: 8, Events: 2
2025-10-24 19:06:28 - Rendering dashboard page
2025-10-24 19:06:34 - === DASHBOARD ACCESSED ===
2025-10-24 19:06:34 - Loading required files
2025-10-24 19:06:34 - Required files loaded successfully
2025-10-24 19:06:34 - MpesaService loaded successfully
2025-10-24 19:06:34 - User ID: 1
2025-10-24 19:06:34 - User orders: 8, Events: 2
2025-10-24 19:06:35 - Rendering dashboard page
2025-10-24 19:06:41 - === DASHBOARD ACCESSED ===
2025-10-24 19:06:41 - Loading required files
2025-10-24 19:06:41 - Required files loaded successfully
2025-10-24 19:06:41 - MpesaService loaded successfully
2025-10-24 19:06:41 - User ID: 1
2025-10-24 19:06:41 - User orders: 8, Events: 2
2025-10-24 19:06:41 - Rendering dashboard page
2025-10-24 19:06:45 - === DASHBOARD ACCESSED ===
2025-10-24 19:06:45 - Loading required files
2025-10-24 19:06:45 - Required files loaded successfully
2025-10-24 19:06:45 - MpesaService loaded successfully
2025-10-24 19:06:45 - User ID: 1
2025-10-24 19:06:45 - User orders: 8, Events: 2
2025-10-24 19:06:45 - Rendering dashboard page
2025-10-24 19:06:51 - === DASHBOARD ACCESSED ===
2025-10-24 19:06:51 - Loading required files
2025-10-24 19:06:51 - Required files loaded successfully
2025-10-24 19:06:51 - MpesaService loaded successfully
2025-10-24 19:06:51 - User ID: 1
2025-10-24 19:06:51 - User orders: 8, Events: 2
2025-10-24 19:06:52 - Rendering dashboard page
2025-10-24 19:06:58 - === DASHBOARD ACCESSED ===
2025-10-24 19:06:58 - Loading required files
2025-10-24 19:06:58 - Required files loaded successfully
2025-10-24 19:06:58 - MpesaService loaded successfully
2025-10-24 19:06:58 - User ID: 1
2025-10-24 19:06:58 - User orders: 8, Events: 2
2025-10-24 19:06:58 - Rendering dashboard page
2025-10-24 19:07:04 - === DASHBOARD ACCESSED ===
2025-10-24 19:07:04 - Loading required files
2025-10-24 19:07:05 - Required files loaded successfully
2025-10-24 19:07:05 - MpesaService loaded successfully
2025-10-24 19:07:05 - User ID: 1
2025-10-24 19:07:05 - User orders: 8, Events: 2
2025-10-24 19:07:05 - Rendering dashboard page
2025-10-24 19:07:11 - === DASHBOARD ACCESSED ===
2025-10-24 19:07:11 - Loading required files
2025-10-24 19:07:11 - Required files loaded successfully
2025-10-24 19:07:11 - MpesaService loaded successfully
2025-10-24 19:07:11 - User ID: 1
2025-10-24 19:07:11 - User orders: 8, Events: 2
2025-10-24 19:07:11 - Rendering dashboard page
2025-10-24 19:07:15 - === DASHBOARD ACCESSED ===
2025-10-24 19:07:15 - Loading required files
2025-10-24 19:07:15 - Required files loaded successfully
2025-10-24 19:07:15 - MpesaService loaded successfully
2025-10-24 19:07:15 - User ID: 1
2025-10-24 19:07:15 - User orders: 8, Events: 2
2025-10-24 19:07:15 - Rendering dashboard page
2025-10-24 19:07:21 - === DASHBOARD ACCESSED ===
2025-10-24 19:07:21 - Loading required files
2025-10-24 19:07:22 - Required files loaded successfully
2025-10-24 19:07:22 - MpesaService loaded successfully
2025-10-24 19:07:22 - User ID: 1
2025-10-24 19:07:22 - User orders: 8, Events: 2
2025-10-24 19:07:22 - Rendering dashboard page
2025-10-24 19:07:28 - === DASHBOARD ACCESSED ===
2025-10-24 19:07:28 - Loading required files
2025-10-24 19:07:28 - Required files loaded successfully
2025-10-24 19:07:28 - MpesaService loaded successfully
2025-10-24 19:07:28 - User ID: 1
2025-10-24 19:07:28 - User orders: 8, Events: 2
2025-10-24 19:07:28 - Rendering dashboard page
2025-10-24 19:07:34 - === DASHBOARD ACCESSED ===
2025-10-24 19:07:34 - Loading required files
2025-10-24 19:07:35 - Required files loaded successfully
2025-10-24 19:07:35 - MpesaService loaded successfully
2025-10-24 19:07:35 - User ID: 1
2025-10-24 19:07:35 - User orders: 8, Events: 2
2025-10-24 19:07:35 - Rendering dashboard page
2025-10-24 19:07:41 - === DASHBOARD ACCESSED ===
2025-10-24 19:07:41 - Loading required files
2025-10-24 19:07:41 - Required files loaded successfully
2025-10-24 19:07:41 - MpesaService loaded successfully
2025-10-24 19:07:41 - User ID: 1
2025-10-24 19:07:41 - User orders: 8, Events: 2
2025-10-24 19:07:41 - Rendering dashboard page
2025-10-24 19:07:45 - === DASHBOARD ACCESSED ===
2025-10-24 19:07:45 - Loading required files
2025-10-24 19:07:45 - Required files loaded successfully
2025-10-24 19:07:45 - MpesaService loaded successfully
2025-10-24 19:07:45 - User ID: 1
2025-10-24 19:07:45 - User orders: 8, Events: 2
2025-10-24 19:07:45 - Rendering dashboard page
2025-10-24 19:07:51 - === DASHBOARD ACCESSED ===
2025-10-24 19:07:51 - Loading required files
2025-10-24 19:07:51 - Required files loaded successfully
2025-10-24 19:07:51 - MpesaService loaded successfully
2025-10-24 19:07:51 - User ID: 1
2025-10-24 19:07:51 - User orders: 8, Events: 2
2025-10-24 19:07:52 - Rendering dashboard page
2025-10-24 19:07:58 - === DASHBOARD ACCESSED ===
2025-10-24 19:07:58 - Loading required files
2025-10-24 19:07:58 - Required files loaded successfully
2025-10-24 19:07:58 - MpesaService loaded successfully
2025-10-24 19:07:58 - User ID: 1
2025-10-24 19:07:58 - User orders: 8, Events: 2
2025-10-24 19:07:58 - Rendering dashboard page
2025-10-24 19:08:04 - === DASHBOARD ACCESSED ===
2025-10-24 19:08:04 - Loading required files
2025-10-24 19:08:05 - Required files loaded successfully
2025-10-24 19:08:05 - MpesaService loaded successfully
2025-10-24 19:08:05 - User ID: 1
2025-10-24 19:08:05 - User orders: 8, Events: 2
2025-10-24 19:08:05 - Rendering dashboard page
2025-10-24 19:08:11 - === DASHBOARD ACCESSED ===
2025-10-24 19:08:11 - Loading required files
2025-10-24 19:08:11 - Required files loaded successfully
2025-10-24 19:08:11 - MpesaService loaded successfully
2025-10-24 19:08:11 - User ID: 1
2025-10-24 19:08:11 - User orders: 8, Events: 2
2025-10-24 19:08:11 - Rendering dashboard page
2025-10-24 19:08:15 - === DASHBOARD ACCESSED ===
2025-10-24 19:08:15 - Loading required files
2025-10-24 19:08:15 - Required files loaded successfully
2025-10-24 19:08:15 - MpesaService loaded successfully
2025-10-24 19:08:15 - User ID: 1
2025-10-24 19:08:15 - User orders: 8, Events: 2
2025-10-24 19:08:15 - Rendering dashboard page
2025-10-24 19:08:21 - === DASHBOARD ACCESSED ===
2025-10-24 19:08:21 - Loading required files
2025-10-24 19:08:21 - Required files loaded successfully
2025-10-24 19:08:21 - MpesaService loaded successfully
2025-10-24 19:08:21 - User ID: 1
2025-10-24 19:08:21 - User orders: 8, Events: 2
2025-10-24 19:08:22 - Rendering dashboard page
2025-10-24 19:08:28 - === DASHBOARD ACCESSED ===
2025-10-24 19:08:28 - Loading required files
2025-10-24 19:08:28 - Required files loaded successfully
2025-10-24 19:08:28 - MpesaService loaded successfully
2025-10-24 19:08:28 - User ID: 1
2025-10-24 19:08:28 - User orders: 8, Events: 2
2025-10-24 19:08:28 - Rendering dashboard page
2025-10-24 19:08:34 - === DASHBOARD ACCESSED ===
2025-10-24 19:08:34 - Loading required files
2025-10-24 19:08:34 - Required files loaded successfully
2025-10-24 19:08:34 - MpesaService loaded successfully
2025-10-24 19:08:35 - User ID: 1
2025-10-24 19:08:35 - User orders: 8, Events: 2
2025-10-24 19:08:35 - Rendering dashboard page
2025-10-24 19:08:41 - === DASHBOARD ACCESSED ===
2025-10-24 19:08:41 - Loading required files
2025-10-24 19:08:41 - Required files loaded successfully
2025-10-24 19:08:41 - MpesaService loaded successfully
2025-10-24 19:08:41 - User ID: 1
2025-10-24 19:08:41 - User orders: 8, Events: 2
2025-10-24 19:08:41 - Rendering dashboard page
2025-10-24 19:08:45 - === DASHBOARD ACCESSED ===
2025-10-24 19:08:45 - Loading required files
2025-10-24 19:08:45 - Required files loaded successfully
2025-10-24 19:08:45 - MpesaService loaded successfully
2025-10-24 19:08:45 - User ID: 1
2025-10-24 19:08:45 - User orders: 8, Events: 2
2025-10-24 19:08:45 - Rendering dashboard page
2025-10-24 19:08:51 - === DASHBOARD ACCESSED ===
2025-10-24 19:08:51 - Loading required files
2025-10-24 19:08:51 - Required files loaded successfully
2025-10-24 19:08:51 - MpesaService loaded successfully
2025-10-24 19:08:51 - User ID: 1
2025-10-24 19:08:51 - User orders: 8, Events: 2
2025-10-24 19:08:51 - Rendering dashboard page
2025-10-24 19:08:58 - === DASHBOARD ACCESSED ===
2025-10-24 19:08:58 - Loading required files
2025-10-24 19:08:58 - Required files loaded successfully
2025-10-24 19:08:58 - MpesaService loaded successfully
2025-10-24 19:08:58 - User ID: 1
2025-10-24 19:08:58 - User orders: 8, Events: 2
2025-10-24 19:08:58 - Rendering dashboard page
2025-10-24 19:09:04 - === DASHBOARD ACCESSED ===
2025-10-24 19:09:04 - Loading required files
2025-10-24 19:09:04 - Required files loaded successfully
2025-10-24 19:09:04 - MpesaService loaded successfully
2025-10-24 19:09:04 - User ID: 1
2025-10-24 19:09:04 - User orders: 8, Events: 2
2025-10-24 19:09:04 - Rendering dashboard page
2025-10-24 19:09:11 - === DASHBOARD ACCESSED ===
2025-10-24 19:09:11 - Loading required files
2025-10-24 19:09:11 - Required files loaded successfully
2025-10-24 19:09:11 - MpesaService loaded successfully
2025-10-24 19:09:11 - User ID: 1
2025-10-24 19:09:11 - User orders: 8, Events: 2
2025-10-24 19:09:11 - Rendering dashboard page
2025-10-24 19:09:15 - === DASHBOARD ACCESSED ===
2025-10-24 19:09:15 - Loading required files
2025-10-24 19:09:15 - Required files loaded successfully
2025-10-24 19:09:15 - MpesaService loaded successfully
2025-10-24 19:09:15 - User ID: 1
2025-10-24 19:09:15 - User orders: 8, Events: 2
2025-10-24 19:09:15 - Rendering dashboard page
2025-10-24 19:09:21 - === DASHBOARD ACCESSED ===
2025-10-24 19:09:21 - Loading required files
2025-10-24 19:09:21 - Required files loaded successfully
2025-10-24 19:09:21 - MpesaService loaded successfully
2025-10-24 19:09:21 - User ID: 1
2025-10-24 19:09:21 - User orders: 8, Events: 2
2025-10-24 19:09:21 - Rendering dashboard page
2025-10-24 19:09:28 - === DASHBOARD ACCESSED ===
2025-10-24 19:09:28 - Loading required files
2025-10-24 19:09:28 - Required files loaded successfully
2025-10-24 19:09:28 - MpesaService loaded successfully
2025-10-24 19:09:28 - User ID: 1
2025-10-24 19:09:28 - User orders: 8, Events: 2
2025-10-24 19:09:28 - Rendering dashboard page
2025-10-24 19:09:34 - === DASHBOARD ACCESSED ===
2025-10-24 19:09:34 - Loading required files
2025-10-24 19:09:34 - Required files loaded successfully
2025-10-24 19:09:34 - MpesaService loaded successfully
2025-10-24 19:09:34 - User ID: 1
2025-10-24 19:09:34 - User orders: 8, Events: 2
2025-10-24 19:09:35 - Rendering dashboard page
2025-10-24 19:09:41 - === DASHBOARD ACCESSED ===
2025-10-24 19:09:41 - Loading required files
2025-10-24 19:09:41 - Required files loaded successfully
2025-10-24 19:09:41 - MpesaService loaded successfully
2025-10-24 19:09:41 - User ID: 1
2025-10-24 19:09:41 - User orders: 8, Events: 2
2025-10-24 19:09:41 - Rendering dashboard page
2025-10-24 19:09:45 - === DASHBOARD ACCESSED ===
2025-10-24 19:09:45 - Loading required files
2025-10-24 19:09:45 - Required files loaded successfully
2025-10-24 19:09:45 - MpesaService loaded successfully
2025-10-24 19:09:45 - User ID: 1
2025-10-24 19:09:45 - User orders: 8, Events: 2
2025-10-24 19:09:45 - Rendering dashboard page
2025-10-24 19:09:51 - === DASHBOARD ACCESSED ===
2025-10-24 19:09:51 - Loading required files
2025-10-24 19:09:51 - Required files loaded successfully
2025-10-24 19:09:51 - MpesaService loaded successfully
2025-10-24 19:09:52 - User ID: 1
2025-10-24 19:09:52 - User orders: 8, Events: 2
2025-10-24 19:09:52 - Rendering dashboard page
2025-10-24 19:09:58 - === DASHBOARD ACCESSED ===
2025-10-24 19:09:58 - Loading required files
2025-10-24 19:09:58 - Required files loaded successfully
2025-10-24 19:09:58 - MpesaService loaded successfully
2025-10-24 19:09:58 - User ID: 1
2025-10-24 19:09:58 - User orders: 8, Events: 2
2025-10-24 19:09:58 - Rendering dashboard page
2025-10-24 19:10:05 - === DASHBOARD ACCESSED ===
2025-10-24 19:10:05 - Loading required files
2025-10-24 19:10:05 - Required files loaded successfully
2025-10-24 19:10:05 - MpesaService loaded successfully
2025-10-24 19:10:05 - User ID: 1
2025-10-24 19:10:05 - User orders: 8, Events: 2
2025-10-24 19:10:05 - Rendering dashboard page
2025-10-24 19:10:11 - === DASHBOARD ACCESSED ===
2025-10-24 19:10:11 - Loading required files
2025-10-24 19:10:11 - Required files loaded successfully
2025-10-24 19:10:11 - MpesaService loaded successfully
2025-10-24 19:10:11 - User ID: 1
2025-10-24 19:10:11 - User orders: 8, Events: 2
2025-10-24 19:10:11 - Rendering dashboard page
2025-10-24 19:10:15 - === DASHBOARD ACCESSED ===
2025-10-24 19:10:15 - Loading required files
2025-10-24 19:10:15 - Required files loaded successfully
2025-10-24 19:10:15 - MpesaService loaded successfully
2025-10-24 19:10:15 - User ID: 1
2025-10-24 19:10:15 - User orders: 8, Events: 2
2025-10-24 19:10:15 - Rendering dashboard page
2025-10-24 19:10:21 - === DASHBOARD ACCESSED ===
2025-10-24 19:10:21 - Loading required files
2025-10-24 19:10:21 - Required files loaded successfully
2025-10-24 19:10:21 - MpesaService loaded successfully
2025-10-24 19:10:21 - User ID: 1
2025-10-24 19:10:21 - User orders: 8, Events: 2
2025-10-24 19:10:22 - Rendering dashboard page
2025-10-24 19:10:28 - === DASHBOARD ACCESSED ===
2025-10-24 19:10:28 - Loading required files
2025-10-24 19:10:28 - Required files loaded successfully
2025-10-24 19:10:28 - MpesaService loaded successfully
2025-10-24 19:10:28 - User ID: 1
2025-10-24 19:10:28 - User orders: 8, Events: 2
2025-10-24 19:10:28 - Rendering dashboard page
2025-10-24 19:10:34 - === DASHBOARD ACCESSED ===
2025-10-24 19:10:34 - Loading required files
2025-10-24 19:10:34 - Required files loaded successfully
2025-10-24 19:10:34 - MpesaService loaded successfully
2025-10-24 19:10:34 - User ID: 1
2025-10-24 19:10:34 - User orders: 8, Events: 2
2025-10-24 19:10:35 - Rendering dashboard page
2025-10-24 19:10:41 - === DASHBOARD ACCESSED ===
2025-10-24 19:10:41 - Loading required files
2025-10-24 19:10:41 - Required files loaded successfully
2025-10-24 19:10:41 - MpesaService loaded successfully
2025-10-24 19:10:41 - User ID: 1
2025-10-24 19:10:41 - User orders: 8, Events: 2
2025-10-24 19:10:41 - Rendering dashboard page
2025-10-24 19:10:45 - === DASHBOARD ACCESSED ===
2025-10-24 19:10:45 - Loading required files
2025-10-24 19:10:45 - Required files loaded successfully
2025-10-24 19:10:45 - MpesaService loaded successfully
2025-10-24 19:10:45 - User ID: 1
2025-10-24 19:10:45 - User orders: 8, Events: 2
2025-10-24 19:10:45 - Rendering dashboard page
2025-10-24 19:10:51 - === DASHBOARD ACCESSED ===
2025-10-24 19:10:51 - Loading required files
2025-10-24 19:10:51 - Required files loaded successfully
2025-10-24 19:10:51 - MpesaService loaded successfully
2025-10-24 19:10:51 - User ID: 1
2025-10-24 19:10:52 - User orders: 8, Events: 2
2025-10-24 19:10:52 - Rendering dashboard page
2025-10-24 19:10:58 - === DASHBOARD ACCESSED ===
2025-10-24 19:10:58 - Loading required files
2025-10-24 19:10:58 - Required files loaded successfully
2025-10-24 19:10:58 - MpesaService loaded successfully
2025-10-24 19:10:58 - User ID: 1
2025-10-24 19:10:58 - User orders: 8, Events: 2
2025-10-24 19:10:58 - Rendering dashboard page
2025-10-24 19:11:04 - === DASHBOARD ACCESSED ===
2025-10-24 19:11:04 - Loading required files
2025-10-24 19:11:04 - Required files loaded successfully
2025-10-24 19:11:04 - MpesaService loaded successfully
2025-10-24 19:11:04 - User ID: 1
2025-10-24 19:11:05 - User orders: 8, Events: 2
2025-10-24 19:11:05 - Rendering dashboard page
2025-10-24 19:11:11 - === DASHBOARD ACCESSED ===
2025-10-24 19:11:11 - Loading required files
2025-10-24 19:11:11 - Required files loaded successfully
2025-10-24 19:11:11 - MpesaService loaded successfully
2025-10-24 19:11:11 - User ID: 1
2025-10-24 19:11:11 - User orders: 8, Events: 2
2025-10-24 19:11:11 - Rendering dashboard page
2025-10-24 19:11:15 - === DASHBOARD ACCESSED ===
2025-10-24 19:11:15 - Loading required files
2025-10-24 19:11:15 - Required files loaded successfully
2025-10-24 19:11:15 - MpesaService loaded successfully
2025-10-24 19:11:15 - User ID: 1
2025-10-24 19:11:15 - User orders: 8, Events: 2
2025-10-24 19:11:15 - Rendering dashboard page
2025-10-24 19:11:21 - === DASHBOARD ACCESSED ===
2025-10-24 19:11:21 - Loading required files
2025-10-24 19:11:21 - Required files loaded successfully
2025-10-24 19:11:21 - MpesaService loaded successfully
2025-10-24 19:11:21 - User ID: 1
2025-10-24 19:11:21 - User orders: 8, Events: 2
2025-10-24 19:11:22 - Rendering dashboard page
2025-10-24 19:11:27 - === DASHBOARD ACCESSED ===
2025-10-24 19:11:27 - Loading required files
2025-10-24 19:11:27 - Required files loaded successfully
2025-10-24 19:11:27 - MpesaService loaded successfully
2025-10-24 19:11:27 - User ID: 1
2025-10-24 19:11:27 - User orders: 8, Events: 2
2025-10-24 19:11:27 - Rendering dashboard page
2025-10-24 19:11:33 - === DASHBOARD ACCESSED ===
2025-10-24 19:11:33 - Loading required files
2025-10-24 19:11:33 - Required files loaded successfully
2025-10-24 19:11:33 - MpesaService loaded successfully
2025-10-24 19:11:33 - User ID: 1
2025-10-24 19:11:33 - User orders: 8, Events: 2
2025-10-24 19:11:33 - Rendering dashboard page
2025-10-24 19:11:38 - === DASHBOARD ACCESSED ===
2025-10-24 19:11:38 - Loading required files
2025-10-24 19:11:39 - Required files loaded successfully
2025-10-24 19:11:39 - MpesaService loaded successfully
2025-10-24 19:11:39 - User ID: 1
2025-10-24 19:11:39 - User orders: 8, Events: 2
2025-10-24 19:11:39 - Rendering dashboard page
2025-10-24 19:11:44 - === DASHBOARD ACCESSED ===
2025-10-24 19:11:44 - Loading required files
2025-10-24 19:11:44 - Required files loaded successfully
2025-10-24 19:11:44 - MpesaService loaded successfully
2025-10-24 19:11:44 - User ID: 1
2025-10-24 19:11:44 - User orders: 8, Events: 2
2025-10-24 19:11:44 - Rendering dashboard page
2025-10-24 19:11:47 - === DASHBOARD ACCESSED ===
2025-10-24 19:11:47 - Loading required files
2025-10-24 19:11:47 - Required files loaded successfully
2025-10-24 19:11:47 - MpesaService loaded successfully
2025-10-24 19:11:47 - User ID: 1
2025-10-24 19:11:47 - User orders: 8, Events: 2
2025-10-24 19:11:47 - Rendering dashboard page
2025-10-24 19:11:53 - === DASHBOARD ACCESSED ===
2025-10-24 19:11:53 - Loading required files
2025-10-24 19:11:53 - Required files loaded successfully
2025-10-24 19:11:53 - MpesaService loaded successfully
2025-10-24 19:11:53 - User ID: 1
2025-10-24 19:11:53 - User orders: 8, Events: 2
2025-10-24 19:11:53 - Rendering dashboard page
2025-10-24 19:11:58 - === DASHBOARD ACCESSED ===
2025-10-24 19:11:58 - Loading required files
2025-10-24 19:11:58 - Required files loaded successfully
2025-10-24 19:11:59 - MpesaService loaded successfully
2025-10-24 19:11:59 - User ID: 1
2025-10-24 19:11:59 - User orders: 8, Events: 2
2025-10-24 19:11:59 - Rendering dashboard page
2025-10-24 19:12:04 - === DASHBOARD ACCESSED ===
2025-10-24 19:12:04 - Loading required files
2025-10-24 19:12:04 - Required files loaded successfully
2025-10-24 19:12:04 - MpesaService loaded successfully
2025-10-24 19:12:04 - User ID: 1
2025-10-24 19:12:04 - User orders: 8, Events: 2
2025-10-24 19:12:04 - Rendering dashboard page
2025-10-24 19:12:09 - === DASHBOARD ACCESSED ===
2025-10-24 19:12:09 - Loading required files
2025-10-24 19:12:09 - Required files loaded successfully
2025-10-24 19:12:09 - MpesaService loaded successfully
2025-10-24 19:12:09 - User ID: 1
2025-10-24 19:12:09 - User orders: 8, Events: 2
2025-10-24 19:12:09 - POST request received: Array
(
    [process_payment] => 1
    [order_id] => 7
    [phone] => 0722524741
)

2025-10-24 19:12:09 - Processing M-Pesa payment...
2025-10-24 19:12:09 - Original amount: 2500.00, M-Pesa amount: 2500
2025-10-24 19:12:09 - MpesaService initialized
2025-10-24 19:12:09 - Using ngrok Callback URL: https://tom-primatial-noncontrollablely.ngrok-free.dev/mpesa/mpesa_callback.php
2025-10-24 19:12:09 - Phone validated: 254722524741
2025-10-24 19:12:09 - Initiating STK Push with amount: 2500
2025-10-24 19:12:11 - STK Response: Array
(
    [MerchantRequestID] => 5e02-4ed1-a49f-22669de532c08561
    [CheckoutRequestID] => ws_CO_24102025221208927722524741
    [ResponseCode] => 0
    [ResponseDescription] => Success. Request accepted for processing
    [CustomerMessage] => Success. Request accepted for processing
)

2025-10-24 19:12:11 - Transaction record created
2025-10-24 19:12:11 - Order updated with checkout request ID
2025-10-24 19:12:11 - Payment initiated successfully
2025-10-24 19:12:11 - === DASHBOARD ACCESSED ===
2025-10-24 19:12:11 - Loading required files
2025-10-24 19:12:11 - Required files loaded successfully
2025-10-24 19:12:11 - MpesaService loaded successfully
2025-10-24 19:12:11 - User ID: 1
2025-10-24 19:12:11 - User orders: 8, Events: 2
2025-10-24 19:12:11 - Rendering dashboard page
2025-10-24 19:12:14 - === DASHBOARD ACCESSED ===
2025-10-24 19:12:14 - Loading required files
2025-10-24 19:12:14 - Required files loaded successfully
2025-10-24 19:12:14 - MpesaService loaded successfully
2025-10-24 19:12:14 - User ID: 1
2025-10-24 19:12:14 - User orders: 8, Events: 2
2025-10-24 19:12:14 - Rendering dashboard page
2025-10-24 19:12:20 - === DASHBOARD ACCESSED ===
2025-10-24 19:12:20 - Loading required files
2025-10-24 19:12:20 - Required files loaded successfully
2025-10-24 19:12:20 - MpesaService loaded successfully
2025-10-24 19:12:20 - User ID: 1
2025-10-24 19:12:20 - User orders: 8, Events: 2
2025-10-24 19:12:20 - Rendering dashboard page
2025-10-24 19:12:24 - === DASHBOARD ACCESSED ===
2025-10-24 19:12:24 - Loading required files
2025-10-24 19:12:24 - Required files loaded successfully
2025-10-24 19:12:24 - MpesaService loaded successfully
2025-10-24 19:12:24 - User ID: 1
2025-10-24 19:12:24 - User orders: 8, Events: 2
2025-10-24 19:12:24 - POST request received: Array
(
    [process_payment] => 1
    [order_id] => 5
    [phone] => 0722524741
)

2025-10-24 19:12:24 - Processing M-Pesa payment...
2025-10-24 19:12:24 - Original amount: 2500.00, M-Pesa amount: 2500
2025-10-24 19:12:24 - MpesaService initialized
2025-10-24 19:12:24 - Using ngrok Callback URL: https://tom-primatial-noncontrollablely.ngrok-free.dev/mpesa/mpesa_callback.php
2025-10-24 19:12:24 - Phone validated: 254722524741
2025-10-24 19:12:24 - Initiating STK Push with amount: 2500
2025-10-24 19:12:26 - STK Response: Array
(
    [MerchantRequestID] => 5e02-4ed1-a49f-22669de532c08562
    [CheckoutRequestID] => ws_CO_24102025221224906722524741
    [ResponseCode] => 0
    [ResponseDescription] => Success. Request accepted for processing
    [CustomerMessage] => Success. Request accepted for processing
)

2025-10-24 19:12:26 - Transaction record created
2025-10-24 19:12:26 - Order updated with checkout request ID
2025-10-24 19:12:26 - Payment initiated successfully
2025-10-24 19:12:26 - === DASHBOARD ACCESSED ===
2025-10-24 19:12:26 - Loading required files
2025-10-24 19:12:26 - Required files loaded successfully
2025-10-24 19:12:26 - MpesaService loaded successfully
2025-10-24 19:12:26 - User ID: 1
2025-10-24 19:12:26 - User orders: 8, Events: 2
2025-10-24 19:12:26 - Rendering dashboard page
2025-10-24 19:12:31 - === DASHBOARD ACCESSED ===
2025-10-24 19:12:31 - Loading required files
2025-10-24 19:12:31 - Required files loaded successfully
2025-10-24 19:12:31 - MpesaService loaded successfully
2025-10-24 19:12:31 - User ID: 1
2025-10-24 19:12:31 - User orders: 8, Events: 2
2025-10-24 19:12:31 - Rendering dashboard page
2025-10-24 19:12:37 - === DASHBOARD ACCESSED ===
2025-10-24 19:12:37 - Loading required files
2025-10-24 19:12:37 - Required files loaded successfully
2025-10-24 19:12:37 - MpesaService loaded successfully
2025-10-24 19:12:37 - User ID: 1
2025-10-24 19:12:37 - User orders: 8, Events: 2
2025-10-24 19:12:37 - Rendering dashboard page
2025-10-24 19:12:43 - === DASHBOARD ACCESSED ===
2025-10-24 19:12:43 - Loading required files
2025-10-24 19:12:43 - Required files loaded successfully
2025-10-24 19:12:43 - MpesaService loaded successfully
2025-10-24 19:12:43 - User ID: 1
2025-10-24 19:12:43 - User orders: 8, Events: 2
2025-10-24 19:12:43 - Rendering dashboard page
2025-10-24 19:12:46 - === DASHBOARD ACCESSED ===
2025-10-24 19:12:46 - Loading required files
2025-10-24 19:12:46 - Required files loaded successfully
2025-10-24 19:12:46 - MpesaService loaded successfully
2025-10-24 19:12:46 - User ID: 1
2025-10-24 19:12:46 - User orders: 8, Events: 2
2025-10-24 19:12:46 - Rendering dashboard page
2025-10-24 19:12:51 - === DASHBOARD ACCESSED ===
2025-10-24 19:12:51 - Loading required files
2025-10-24 19:12:52 - Required files loaded successfully
2025-10-24 19:12:52 - MpesaService loaded successfully
2025-10-24 19:12:52 - User ID: 1
2025-10-24 19:12:52 - User orders: 8, Events: 2
2025-10-24 19:12:52 - Rendering dashboard page
2025-10-24 19:12:58 - === DASHBOARD ACCESSED ===
2025-10-24 19:12:58 - Loading required files
2025-10-24 19:12:58 - Required files loaded successfully
2025-10-24 19:12:58 - MpesaService loaded successfully
2025-10-24 19:12:58 - User ID: 1
2025-10-24 19:12:58 - User orders: 8, Events: 2
2025-10-24 19:12:58 - Rendering dashboard page
2025-10-24 19:13:04 - === DASHBOARD ACCESSED ===
2025-10-24 19:13:04 - Loading required files
2025-10-24 19:13:04 - Required files loaded successfully
2025-10-24 19:13:05 - MpesaService loaded successfully
2025-10-24 19:13:05 - User ID: 1
2025-10-24 19:13:05 - User orders: 8, Events: 2
2025-10-24 19:13:05 - Rendering dashboard page
2025-10-24 19:13:11 - === DASHBOARD ACCESSED ===
2025-10-24 19:13:11 - Loading required files
2025-10-24 19:13:11 - Required files loaded successfully
2025-10-24 19:13:11 - MpesaService loaded successfully
2025-10-24 19:13:11 - User ID: 1
2025-10-24 19:13:11 - User orders: 8, Events: 2
2025-10-24 19:13:11 - Rendering dashboard page
2025-10-24 19:13:15 - === DASHBOARD ACCESSED ===
2025-10-24 19:13:15 - Loading required files
2025-10-24 19:13:15 - Required files loaded successfully
2025-10-24 19:13:15 - MpesaService loaded successfully
2025-10-24 19:13:15 - User ID: 1
2025-10-24 19:13:15 - User orders: 8, Events: 2
2025-10-24 19:13:15 - Rendering dashboard page
2025-10-24 19:13:22 - === DASHBOARD ACCESSED ===
2025-10-24 19:13:22 - Loading required files
2025-10-24 19:13:22 - Required files loaded successfully
2025-10-24 19:13:22 - MpesaService loaded successfully
2025-10-24 19:13:22 - User ID: 1
2025-10-24 19:13:22 - User orders: 8, Events: 2
2025-10-24 19:13:22 - Rendering dashboard page
2025-10-24 19:13:28 - === DASHBOARD ACCESSED ===
2025-10-24 19:13:28 - Loading required files
2025-10-24 19:13:28 - Required files loaded successfully
2025-10-24 19:13:28 - MpesaService loaded successfully
2025-10-24 19:13:28 - User ID: 1
2025-10-24 19:13:28 - User orders: 8, Events: 2
2025-10-24 19:13:28 - Rendering dashboard page
2025-10-24 19:13:35 - === DASHBOARD ACCESSED ===
2025-10-24 19:13:35 - Loading required files
2025-10-24 19:13:35 - Required files loaded successfully
2025-10-24 19:13:35 - MpesaService loaded successfully
2025-10-24 19:13:35 - User ID: 1
2025-10-24 19:13:35 - User orders: 8, Events: 2
2025-10-24 19:13:35 - Rendering dashboard page
2025-10-24 19:13:41 - === DASHBOARD ACCESSED ===
2025-10-24 19:13:41 - Loading required files
2025-10-24 19:13:41 - Required files loaded successfully
2025-10-24 19:13:41 - MpesaService loaded successfully
2025-10-24 19:13:41 - User ID: 1
2025-10-24 19:13:41 - User orders: 8, Events: 2
2025-10-24 19:13:41 - Rendering dashboard page
2025-10-24 19:13:45 - === DASHBOARD ACCESSED ===
2025-10-24 19:13:45 - Loading required files
2025-10-24 19:13:45 - Required files loaded successfully
2025-10-24 19:13:45 - MpesaService loaded successfully
2025-10-24 19:13:45 - User ID: 1
2025-10-24 19:13:45 - User orders: 8, Events: 2
2025-10-24 19:13:45 - Rendering dashboard page
2025-10-24 19:13:51 - === DASHBOARD ACCESSED ===
2025-10-24 19:13:51 - Loading required files
2025-10-24 19:13:52 - Required files loaded successfully
2025-10-24 19:13:52 - MpesaService loaded successfully
2025-10-24 19:13:52 - User ID: 1
2025-10-24 19:13:52 - User orders: 8, Events: 2
2025-10-24 19:13:52 - Rendering dashboard page
2025-10-24 19:13:58 - === DASHBOARD ACCESSED ===
2025-10-24 19:13:58 - Loading required files
2025-10-24 19:13:58 - Required files loaded successfully
2025-10-24 19:13:58 - MpesaService loaded successfully
2025-10-24 19:13:58 - User ID: 1
2025-10-24 19:13:58 - User orders: 8, Events: 2
2025-10-24 19:13:58 - Rendering dashboard page
2025-10-24 19:14:05 - === DASHBOARD ACCESSED ===
2025-10-24 19:14:05 - Loading required files
2025-10-24 19:14:05 - Required files loaded successfully
2025-10-24 19:14:05 - MpesaService loaded successfully
2025-10-24 19:14:05 - User ID: 1
2025-10-24 19:14:05 - User orders: 8, Events: 2
2025-10-24 19:14:05 - Rendering dashboard page
2025-10-26 05:46:54 - === DASHBOARD ACCESSED ===
2025-10-26 05:46:54 - Loading required files
2025-10-26 05:46:55 - Required files loaded successfully
2025-10-26 05:46:55 - MpesaService loaded successfully
2025-10-26 05:46:55 - User ID: 1
2025-10-26 05:46:55 - User orders: 8, Events: 2
2025-10-26 05:46:55 - Rendering dashboard page
2025-10-26 05:47:35 - === DASHBOARD ACCESSED ===
2025-10-26 05:47:35 - Loading required files
2025-10-26 05:47:35 - Required files loaded successfully
2025-10-26 05:47:35 - MpesaService loaded successfully
2025-10-26 05:47:36 - User ID: 1
2025-10-26 05:47:36 - User orders: 8, Events: 2
2025-10-26 05:47:36 - POST request received: Array
(
    [process_payment] => 1
    [order_id] => 10
    [phone] => 0722524741
)

2025-10-26 05:47:36 - Processing M-Pesa payment...
2025-10-26 05:47:36 - Original amount: 2500.00, M-Pesa amount: 2500
2025-10-26 05:47:36 - MpesaService initialized
2025-10-26 05:47:36 - Using ngrok Callback URL: https://tom-primatial-noncontrollablely.ngrok-free.dev/mpesa/mpesa_callback.php
2025-10-26 05:47:36 - Phone validated: 254722524741
2025-10-26 05:47:36 - Initiating STK Push with amount: 2500
2025-10-26 05:47:44 - STK Response: Array
(
    [MerchantRequestID] => d924-4923-94a7-b1203ec77a385505
    [CheckoutRequestID] => ws_CO_26102025084743594722524741
    [ResponseCode] => 0
    [ResponseDescription] => Success. Request accepted for processing
    [CustomerMessage] => Success. Request accepted for processing
)

2025-10-26 05:47:44 - Transaction record created
2025-10-26 05:47:44 - Order updated with checkout request ID
2025-10-26 05:47:44 - Payment initiated successfully
2025-10-26 05:47:44 - === DASHBOARD ACCESSED ===
2025-10-26 05:47:44 - Loading required files
2025-10-26 05:47:44 - Required files loaded successfully
2025-10-26 05:47:44 - MpesaService loaded successfully
2025-10-26 05:47:44 - User ID: 1
2025-10-26 05:47:44 - User orders: 8, Events: 2
2025-10-26 05:47:44 - Rendering dashboard page
2025-10-26 05:47:49 - === DASHBOARD ACCESSED ===
2025-10-26 05:47:49 - Loading required files
2025-10-26 05:47:49 - Required files loaded successfully
2025-10-26 05:47:49 - MpesaService loaded successfully
2025-10-26 05:47:49 - User ID: 1
2025-10-26 05:47:49 - User orders: 8, Events: 2
2025-10-26 05:47:49 - Rendering dashboard page
2025-10-26 05:47:54 - === DASHBOARD ACCESSED ===
2025-10-26 05:47:54 - Loading required files
2025-10-26 05:47:54 - Required files loaded successfully
2025-10-26 05:47:54 - MpesaService loaded successfully
2025-10-26 05:47:54 - User ID: 1
2025-10-26 05:47:54 - User orders: 8, Events: 2
2025-10-26 05:47:54 - Rendering dashboard page
2025-10-26 05:47:59 - === DASHBOARD ACCESSED ===
2025-10-26 05:47:59 - Loading required files
2025-10-26 05:47:59 - Required files loaded successfully
2025-10-26 05:47:59 - MpesaService loaded successfully
2025-10-26 05:48:00 - User ID: 1
2025-10-26 05:48:00 - User orders: 8, Events: 2
2025-10-26 05:48:00 - Rendering dashboard page
2025-10-26 05:48:05 - === DASHBOARD ACCESSED ===
2025-10-26 05:48:05 - Loading required files
2025-10-26 05:48:05 - Required files loaded successfully
2025-10-26 05:48:05 - MpesaService loaded successfully
2025-10-26 05:48:05 - User ID: 1
2025-10-26 05:48:05 - User orders: 8, Events: 2
2025-10-26 05:48:05 - Rendering dashboard page
2025-10-26 05:48:11 - === DASHBOARD ACCESSED ===
2025-10-26 05:48:11 - Loading required files
2025-10-26 05:48:11 - Required files loaded successfully
2025-10-26 05:48:11 - MpesaService loaded successfully
2025-10-26 05:48:11 - User ID: 1
2025-10-26 05:48:11 - User orders: 8, Events: 2
2025-10-26 05:48:11 - Rendering dashboard page
2025-10-26 05:48:17 - === DASHBOARD ACCESSED ===
2025-10-26 05:48:17 - Loading required files
2025-10-26 05:48:17 - Required files loaded successfully
2025-10-26 05:48:17 - MpesaService loaded successfully
2025-10-26 05:48:17 - User ID: 1
2025-10-26 05:48:17 - User orders: 8, Events: 2
2025-10-26 05:48:17 - Rendering dashboard page
2025-10-26 05:48:23 - === DASHBOARD ACCESSED ===
2025-10-26 05:48:23 - Loading required files
2025-10-26 05:48:23 - Required files loaded successfully
2025-10-26 05:48:23 - MpesaService loaded successfully
2025-10-26 05:48:23 - User ID: 1
2025-10-26 05:48:23 - User orders: 8, Events: 2
2025-10-26 05:48:23 - Rendering dashboard page
2025-10-26 05:48:29 - === DASHBOARD ACCESSED ===
2025-10-26 05:48:29 - Loading required files
2025-10-26 05:48:29 - Required files loaded successfully
2025-10-26 05:48:29 - MpesaService loaded successfully
2025-10-26 05:48:29 - User ID: 1
2025-10-26 05:48:29 - User orders: 8, Events: 2
2025-10-26 05:48:29 - Rendering dashboard page
2025-10-26 05:48:35 - === DASHBOARD ACCESSED ===
2025-10-26 05:48:35 - Loading required files
2025-10-26 05:48:35 - Required files loaded successfully
2025-10-26 05:48:35 - MpesaService loaded successfully
2025-10-26 05:48:35 - User ID: 1
2025-10-26 05:48:35 - User orders: 8, Events: 2
2025-10-26 05:48:35 - Rendering dashboard page
2025-10-26 05:48:41 - === DASHBOARD ACCESSED ===
2025-10-26 05:48:41 - Loading required files
2025-10-26 05:48:41 - Required files loaded successfully
2025-10-26 05:48:41 - MpesaService loaded successfully
2025-10-26 05:48:41 - User ID: 1
2025-10-26 05:48:41 - User orders: 8, Events: 2
2025-10-26 05:48:41 - Rendering dashboard page
2025-10-26 05:48:47 - === DASHBOARD ACCESSED ===
2025-10-26 05:48:47 - Loading required files
2025-10-26 05:48:47 - Required files loaded successfully
2025-10-26 05:48:47 - MpesaService loaded successfully
2025-10-26 05:48:47 - User ID: 1
2025-10-26 05:48:47 - User orders: 8, Events: 2
2025-10-26 05:48:47 - Rendering dashboard page
2025-10-26 05:48:53 - === DASHBOARD ACCESSED ===
2025-10-26 05:48:53 - Loading required files
2025-10-26 05:48:53 - Required files loaded successfully
2025-10-26 05:48:53 - MpesaService loaded successfully
2025-10-26 05:48:53 - User ID: 1
2025-10-26 05:48:53 - User orders: 8, Events: 2
2025-10-26 05:48:53 - Rendering dashboard page
2025-10-26 05:48:59 - === DASHBOARD ACCESSED ===
2025-10-26 05:48:59 - Loading required files
2025-10-26 05:48:59 - Required files loaded successfully
2025-10-26 05:48:59 - MpesaService loaded successfully
2025-10-26 05:48:59 - User ID: 1
2025-10-26 05:48:59 - User orders: 8, Events: 2
2025-10-26 05:48:59 - Rendering dashboard page
2025-10-26 05:49:05 - === DASHBOARD ACCESSED ===
2025-10-26 05:49:05 - Loading required files
2025-10-26 05:49:05 - Required files loaded successfully
2025-10-26 05:49:05 - MpesaService loaded successfully
2025-10-26 05:49:05 - User ID: 1
2025-10-26 05:49:05 - User orders: 8, Events: 2
2025-10-26 05:49:05 - Rendering dashboard page
2025-10-26 05:49:11 - === DASHBOARD ACCESSED ===
2025-10-26 05:49:11 - Loading required files
2025-10-26 05:49:11 - Required files loaded successfully
2025-10-26 05:49:11 - MpesaService loaded successfully
2025-10-26 05:49:11 - User ID: 1
2025-10-26 05:49:11 - User orders: 8, Events: 2
2025-10-26 05:49:11 - Rendering dashboard page
2025-10-26 05:49:17 - === DASHBOARD ACCESSED ===
2025-10-26 05:49:17 - Loading required files
2025-10-26 05:49:17 - Required files loaded successfully
2025-10-26 05:49:17 - MpesaService loaded successfully
2025-10-26 05:49:17 - User ID: 1
2025-10-26 05:49:17 - User orders: 8, Events: 2
2025-10-26 05:49:17 - Rendering dashboard page
2025-10-26 05:49:23 - === DASHBOARD ACCESSED ===
2025-10-26 05:49:23 - Loading required files
2025-10-26 05:49:23 - Required files loaded successfully
2025-10-26 05:49:23 - MpesaService loaded successfully
2025-10-26 05:49:23 - User ID: 1
2025-10-26 05:49:23 - User orders: 8, Events: 2
2025-10-26 05:49:23 - Rendering dashboard page
2025-10-26 05:49:29 - === DASHBOARD ACCESSED ===
2025-10-26 05:49:29 - Loading required files
2025-10-26 05:49:29 - Required files loaded successfully
2025-10-26 05:49:29 - MpesaService loaded successfully
2025-10-26 05:49:29 - User ID: 1
2025-10-26 05:49:29 - User orders: 8, Events: 2
2025-10-26 05:49:29 - Rendering dashboard page
2025-10-26 05:49:35 - === DASHBOARD ACCESSED ===
2025-10-26 05:49:35 - Loading required files
2025-10-26 05:49:35 - Required files loaded successfully
2025-10-26 05:49:35 - MpesaService loaded successfully
2025-10-26 05:49:35 - User ID: 1
2025-10-26 05:49:35 - User orders: 8, Events: 2
2025-10-26 05:49:35 - Rendering dashboard page
2025-10-26 05:49:41 - === DASHBOARD ACCESSED ===
2025-10-26 05:49:41 - Loading required files
2025-10-26 05:49:41 - Required files loaded successfully
2025-10-26 05:49:41 - MpesaService loaded successfully
2025-10-26 05:49:41 - User ID: 1
2025-10-26 05:49:41 - User orders: 8, Events: 2
2025-10-26 05:49:41 - Rendering dashboard page
2025-10-26 05:49:47 - === DASHBOARD ACCESSED ===
2025-10-26 05:49:47 - Loading required files
2025-10-26 05:49:47 - Required files loaded successfully
2025-10-26 05:49:47 - MpesaService loaded successfully
2025-10-26 05:49:47 - User ID: 1
2025-10-26 05:49:47 - User orders: 8, Events: 2
2025-10-26 05:49:47 - Rendering dashboard page
2025-10-26 05:49:53 - === DASHBOARD ACCESSED ===
2025-10-26 05:49:53 - Loading required files
2025-10-26 05:49:53 - Required files loaded successfully
2025-10-26 05:49:53 - MpesaService loaded successfully
2025-10-26 05:49:53 - User ID: 1
2025-10-26 05:49:53 - User orders: 8, Events: 2
2025-10-26 05:49:53 - Rendering dashboard page
2025-10-26 05:49:59 - === DASHBOARD ACCESSED ===
2025-10-26 05:49:59 - Loading required files
2025-10-26 05:49:59 - Required files loaded successfully
2025-10-26 05:49:59 - MpesaService loaded successfully
2025-10-26 05:49:59 - User ID: 1
2025-10-26 05:49:59 - User orders: 8, Events: 2
2025-10-26 05:49:59 - Rendering dashboard page
2025-10-26 05:50:05 - === DASHBOARD ACCESSED ===
2025-10-26 05:50:05 - Loading required files
2025-10-26 05:50:05 - Required files loaded successfully
2025-10-26 05:50:05 - MpesaService loaded successfully
2025-10-26 05:50:05 - User ID: 1
2025-10-26 05:50:05 - User orders: 8, Events: 2
2025-10-26 05:50:05 - Rendering dashboard page
2025-10-26 05:50:11 - === DASHBOARD ACCESSED ===
2025-10-26 05:50:11 - Loading required files
2025-10-26 05:50:11 - Required files loaded successfully
2025-10-26 05:50:11 - MpesaService loaded successfully
2025-10-26 05:50:11 - User ID: 1
2025-10-26 05:50:11 - User orders: 8, Events: 2
2025-10-26 05:50:11 - Rendering dashboard page
2025-10-26 05:50:17 - === DASHBOARD ACCESSED ===
2025-10-26 05:50:17 - Loading required files
2025-10-26 05:50:17 - Required files loaded successfully
2025-10-26 05:50:17 - MpesaService loaded successfully
2025-10-26 05:50:17 - User ID: 1
2025-10-26 05:50:17 - User orders: 8, Events: 2
2025-10-26 05:50:17 - Rendering dashboard page
2025-10-26 05:50:23 - === DASHBOARD ACCESSED ===
2025-10-26 05:50:23 - Loading required files
2025-10-26 05:50:23 - Required files loaded successfully
2025-10-26 05:50:23 - MpesaService loaded successfully
2025-10-26 05:50:23 - User ID: 1
2025-10-26 05:50:23 - User orders: 8, Events: 2
2025-10-26 05:50:23 - Rendering dashboard page
2025-10-26 05:50:29 - === DASHBOARD ACCESSED ===
2025-10-26 05:50:29 - Loading required files
2025-10-26 05:50:29 - Required files loaded successfully
2025-10-26 05:50:29 - MpesaService loaded successfully
2025-10-26 05:50:29 - User ID: 1
2025-10-26 05:50:29 - User orders: 8, Events: 2
2025-10-26 05:50:29 - Rendering dashboard page
2025-10-26 05:50:35 - === DASHBOARD ACCESSED ===
2025-10-26 05:50:35 - Loading required files
2025-10-26 05:50:35 - Required files loaded successfully
2025-10-26 05:50:35 - MpesaService loaded successfully
2025-10-26 05:50:35 - User ID: 1
2025-10-26 05:50:35 - User orders: 8, Events: 2
2025-10-26 05:50:35 - Rendering dashboard page
2025-10-26 05:50:41 - === DASHBOARD ACCESSED ===
2025-10-26 05:50:41 - Loading required files
2025-10-26 05:50:41 - Required files loaded successfully
2025-10-26 05:50:41 - MpesaService loaded successfully
2025-10-26 05:50:41 - User ID: 1
2025-10-26 05:50:41 - User orders: 8, Events: 2
2025-10-26 05:50:41 - Rendering dashboard page
2025-10-26 05:50:47 - === DASHBOARD ACCESSED ===
2025-10-26 05:50:47 - Loading required files
2025-10-26 05:50:47 - Required files loaded successfully
2025-10-26 05:50:47 - MpesaService loaded successfully
2025-10-26 05:50:47 - User ID: 1
2025-10-26 05:50:47 - User orders: 8, Events: 2
2025-10-26 05:50:47 - Rendering dashboard page
2025-10-26 05:50:53 - === DASHBOARD ACCESSED ===
2025-10-26 05:50:53 - Loading required files
2025-10-26 05:50:53 - Required files loaded successfully
2025-10-26 05:50:53 - MpesaService loaded successfully
2025-10-26 05:50:53 - User ID: 1
2025-10-26 05:50:53 - User orders: 8, Events: 2
2025-10-26 05:50:53 - Rendering dashboard page
2025-10-26 05:50:59 - === DASHBOARD ACCESSED ===
2025-10-26 05:50:59 - Loading required files
2025-10-26 05:50:59 - Required files loaded successfully
2025-10-26 05:50:59 - MpesaService loaded successfully
2025-10-26 05:50:59 - User ID: 1
2025-10-26 05:50:59 - User orders: 8, Events: 2
2025-10-26 05:50:59 - Rendering dashboard page
2025-10-26 05:51:05 - === DASHBOARD ACCESSED ===
2025-10-26 05:51:05 - Loading required files
2025-10-26 05:51:05 - Required files loaded successfully
2025-10-26 05:51:05 - MpesaService loaded successfully
2025-10-26 05:51:05 - User ID: 1
2025-10-26 05:51:05 - User orders: 8, Events: 2
2025-10-26 05:51:05 - Rendering dashboard page
2025-10-26 05:51:11 - === DASHBOARD ACCESSED ===
2025-10-26 05:51:11 - Loading required files
2025-10-26 05:51:11 - Required files loaded successfully
2025-10-26 05:51:11 - MpesaService loaded successfully
2025-10-26 05:51:11 - User ID: 1
2025-10-26 05:51:11 - User orders: 8, Events: 2
2025-10-26 05:51:11 - Rendering dashboard page
2025-10-26 05:51:17 - === DASHBOARD ACCESSED ===
2025-10-26 05:51:17 - Loading required files
2025-10-26 05:51:17 - Required files loaded successfully
2025-10-26 05:51:17 - MpesaService loaded successfully
2025-10-26 05:51:17 - User ID: 1
2025-10-26 05:51:17 - User orders: 8, Events: 2
2025-10-26 05:51:17 - Rendering dashboard page
2025-10-26 05:51:23 - === DASHBOARD ACCESSED ===
2025-10-26 05:51:23 - Loading required files
2025-10-26 05:51:23 - Required files loaded successfully
2025-10-26 05:51:23 - MpesaService loaded successfully
2025-10-26 05:51:23 - User ID: 1
2025-10-26 05:51:23 - User orders: 8, Events: 2
2025-10-26 05:51:23 - Rendering dashboard page
2025-10-26 05:51:29 - === DASHBOARD ACCESSED ===
2025-10-26 05:51:29 - Loading required files
2025-10-26 05:51:29 - Required files loaded successfully
2025-10-26 05:51:29 - MpesaService loaded successfully
2025-10-26 05:51:29 - User ID: 1
2025-10-26 05:51:29 - User orders: 8, Events: 2
2025-10-26 05:51:29 - Rendering dashboard page
2025-10-26 05:51:35 - === DASHBOARD ACCESSED ===
2025-10-26 05:51:35 - Loading required files
2025-10-26 05:51:35 - Required files loaded successfully
2025-10-26 05:51:35 - MpesaService loaded successfully
2025-10-26 05:51:35 - User ID: 1
2025-10-26 05:51:35 - User orders: 8, Events: 2
2025-10-26 05:51:35 - Rendering dashboard page
2025-10-26 05:51:41 - === DASHBOARD ACCESSED ===
2025-10-26 05:51:41 - Loading required files
2025-10-26 05:51:41 - Required files loaded successfully
2025-10-26 05:51:41 - MpesaService loaded successfully
2025-10-26 05:51:41 - User ID: 1
2025-10-26 05:51:41 - User orders: 8, Events: 2
2025-10-26 05:51:41 - Rendering dashboard page
2025-10-26 05:51:47 - === DASHBOARD ACCESSED ===
2025-10-26 05:51:47 - Loading required files
2025-10-26 05:51:47 - Required files loaded successfully
2025-10-26 05:51:47 - MpesaService loaded successfully
2025-10-26 05:51:47 - User ID: 1
2025-10-26 05:51:47 - User orders: 8, Events: 2
2025-10-26 05:51:47 - Rendering dashboard page
2025-10-26 05:51:53 - === DASHBOARD ACCESSED ===
2025-10-26 05:51:53 - Loading required files
2025-10-26 05:51:53 - Required files loaded successfully
2025-10-26 05:51:53 - MpesaService loaded successfully
2025-10-26 05:51:53 - User ID: 1
2025-10-26 05:51:53 - User orders: 8, Events: 2
2025-10-26 05:51:53 - Rendering dashboard page
2025-10-26 05:51:59 - === DASHBOARD ACCESSED ===
2025-10-26 05:51:59 - Loading required files
2025-10-26 05:51:59 - Required files loaded successfully
2025-10-26 05:51:59 - MpesaService loaded successfully
2025-10-26 05:51:59 - User ID: 1
2025-10-26 05:51:59 - User orders: 8, Events: 2
2025-10-26 05:51:59 - Rendering dashboard page
2025-10-26 05:52:05 - === DASHBOARD ACCESSED ===
2025-10-26 05:52:05 - Loading required files
2025-10-26 05:52:05 - Required files loaded successfully
2025-10-26 05:52:05 - MpesaService loaded successfully
2025-10-26 05:52:05 - User ID: 1
2025-10-26 05:52:05 - User orders: 8, Events: 2
2025-10-26 05:52:05 - Rendering dashboard page
2025-10-26 05:52:11 - === DASHBOARD ACCESSED ===
2025-10-26 05:52:11 - Loading required files
2025-10-26 05:52:11 - Required files loaded successfully
2025-10-26 05:52:11 - MpesaService loaded successfully
2025-10-26 05:52:11 - User ID: 1
2025-10-26 05:52:11 - User orders: 8, Events: 2
2025-10-26 05:52:11 - Rendering dashboard page
2025-10-26 05:52:17 - === DASHBOARD ACCESSED ===
2025-10-26 05:52:17 - Loading required files
2025-10-26 05:52:17 - Required files loaded successfully
2025-10-26 05:52:17 - MpesaService loaded successfully
2025-10-26 05:52:17 - User ID: 1
2025-10-26 05:52:17 - User orders: 8, Events: 2
2025-10-26 05:52:17 - Rendering dashboard page
2025-10-26 05:52:23 - === DASHBOARD ACCESSED ===
2025-10-26 05:52:23 - Loading required files
2025-10-26 05:52:23 - Required files loaded successfully
2025-10-26 05:52:23 - MpesaService loaded successfully
2025-10-26 05:52:23 - User ID: 1
2025-10-26 05:52:23 - User orders: 8, Events: 2
2025-10-26 05:52:23 - Rendering dashboard page
2025-10-26 05:52:29 - === DASHBOARD ACCESSED ===
2025-10-26 05:52:29 - Loading required files
2025-10-26 05:52:29 - Required files loaded successfully
2025-10-26 05:52:29 - MpesaService loaded successfully
2025-10-26 05:52:29 - User ID: 1
2025-10-26 05:52:29 - User orders: 8, Events: 2
2025-10-26 05:52:29 - Rendering dashboard page
2025-10-26 05:52:35 - === DASHBOARD ACCESSED ===
2025-10-26 05:52:35 - Loading required files
2025-10-26 05:52:35 - Required files loaded successfully
2025-10-26 05:52:35 - MpesaService loaded successfully
2025-10-26 05:52:35 - User ID: 1
2025-10-26 05:52:35 - User orders: 8, Events: 2
2025-10-26 05:52:35 - Rendering dashboard page
2025-10-26 05:52:41 - === DASHBOARD ACCESSED ===
2025-10-26 05:52:41 - Loading required files
2025-10-26 05:52:41 - Required files loaded successfully
2025-10-26 05:52:41 - MpesaService loaded successfully
2025-10-26 05:52:41 - User ID: 1
2025-10-26 05:52:41 - User orders: 8, Events: 2
2025-10-26 05:52:41 - Rendering dashboard page
2025-10-26 05:52:47 - === DASHBOARD ACCESSED ===
2025-10-26 05:52:47 - Loading required files
2025-10-26 05:52:47 - Required files loaded successfully
2025-10-26 05:52:47 - MpesaService loaded successfully
2025-10-26 05:52:47 - User ID: 1
2025-10-26 05:52:47 - User orders: 8, Events: 2
2025-10-26 05:52:47 - Rendering dashboard page
2025-10-26 05:52:53 - === DASHBOARD ACCESSED ===
2025-10-26 05:52:53 - Loading required files
2025-10-26 05:52:53 - Required files loaded successfully
2025-10-26 05:52:53 - MpesaService loaded successfully
2025-10-26 05:52:53 - User ID: 1
2025-10-26 05:52:53 - User orders: 8, Events: 2
2025-10-26 05:52:53 - Rendering dashboard page
2025-10-26 05:52:59 - === DASHBOARD ACCESSED ===
2025-10-26 05:52:59 - Loading required files
2025-10-26 05:52:59 - Required files loaded successfully
2025-10-26 05:52:59 - MpesaService loaded successfully
2025-10-26 05:52:59 - User ID: 1
2025-10-26 05:52:59 - User orders: 8, Events: 2
2025-10-26 05:52:59 - Rendering dashboard page
2025-10-26 05:53:05 - === DASHBOARD ACCESSED ===
2025-10-26 05:53:05 - Loading required files
2025-10-26 05:53:05 - Required files loaded successfully
2025-10-26 05:53:05 - MpesaService loaded successfully
2025-10-26 05:53:05 - User ID: 1
2025-10-26 05:53:05 - User orders: 8, Events: 2
2025-10-26 05:53:05 - Rendering dashboard page
2025-10-26 05:53:11 - === DASHBOARD ACCESSED ===
2025-10-26 05:53:11 - Loading required files
2025-10-26 05:53:11 - Required files loaded successfully
2025-10-26 05:53:11 - MpesaService loaded successfully
2025-10-26 05:53:11 - User ID: 1
2025-10-26 05:53:11 - User orders: 8, Events: 2
2025-10-26 05:53:11 - Rendering dashboard page
2025-10-26 05:53:17 - === DASHBOARD ACCESSED ===
2025-10-26 05:53:17 - Loading required files
2025-10-26 05:53:17 - Required files loaded successfully
2025-10-26 05:53:17 - MpesaService loaded successfully
2025-10-26 05:53:17 - User ID: 1
2025-10-26 05:53:17 - User orders: 8, Events: 2
2025-10-26 05:53:17 - Rendering dashboard page
2025-10-26 05:53:23 - === DASHBOARD ACCESSED ===
2025-10-26 05:53:23 - Loading required files
2025-10-26 05:53:23 - Required files loaded successfully
2025-10-26 05:53:23 - MpesaService loaded successfully
2025-10-26 05:53:23 - User ID: 1
2025-10-26 05:53:23 - User orders: 8, Events: 2
2025-10-26 05:53:23 - Rendering dashboard page
2025-10-26 05:53:29 - === DASHBOARD ACCESSED ===
2025-10-26 05:53:29 - Loading required files
2025-10-26 05:53:29 - Required files loaded successfully
2025-10-26 05:53:29 - MpesaService loaded successfully
2025-10-26 05:53:29 - User ID: 1
2025-10-26 05:53:29 - User orders: 8, Events: 2
2025-10-26 05:53:29 - Rendering dashboard page
2025-10-26 05:53:35 - === DASHBOARD ACCESSED ===
2025-10-26 05:53:35 - Loading required files
2025-10-26 05:53:35 - Required files loaded successfully
2025-10-26 05:53:35 - MpesaService loaded successfully
2025-10-26 05:53:35 - User ID: 1
2025-10-26 05:53:35 - User orders: 8, Events: 2
2025-10-26 05:53:35 - Rendering dashboard page
2025-10-26 05:53:41 - === DASHBOARD ACCESSED ===
2025-10-26 05:53:41 - Loading required files
2025-10-26 05:53:41 - Required files loaded successfully
2025-10-26 05:53:41 - MpesaService loaded successfully
2025-10-26 05:53:41 - User ID: 1
2025-10-26 05:53:41 - User orders: 8, Events: 2
2025-10-26 05:53:41 - Rendering dashboard page
2025-10-26 05:53:47 - === DASHBOARD ACCESSED ===
2025-10-26 05:53:47 - Loading required files
2025-10-26 05:53:47 - Required files loaded successfully
2025-10-26 05:53:47 - MpesaService loaded successfully
2025-10-26 05:53:47 - User ID: 1
2025-10-26 05:53:47 - User orders: 8, Events: 2
2025-10-26 05:53:47 - Rendering dashboard page
2025-10-26 05:53:53 - === DASHBOARD ACCESSED ===
2025-10-26 05:53:53 - Loading required files
2025-10-26 05:53:53 - Required files loaded successfully
2025-10-26 05:53:53 - MpesaService loaded successfully
2025-10-26 05:53:53 - User ID: 1
2025-10-26 05:53:53 - User orders: 8, Events: 2
2025-10-26 05:53:53 - Rendering dashboard page
2025-10-26 05:53:59 - === DASHBOARD ACCESSED ===
2025-10-26 05:53:59 - Loading required files
2025-10-26 05:53:59 - Required files loaded successfully
2025-10-26 05:53:59 - MpesaService loaded successfully
2025-10-26 05:53:59 - User ID: 1
2025-10-26 05:53:59 - User orders: 8, Events: 2
2025-10-26 05:53:59 - Rendering dashboard page
2025-10-26 05:54:05 - === DASHBOARD ACCESSED ===
2025-10-26 05:54:05 - Loading required files
2025-10-26 05:54:05 - Required files loaded successfully
2025-10-26 05:54:05 - MpesaService loaded successfully
2025-10-26 05:54:05 - User ID: 1
2025-10-26 05:54:05 - User orders: 8, Events: 2
2025-10-26 05:54:05 - Rendering dashboard page
2025-10-26 05:54:11 - === DASHBOARD ACCESSED ===
2025-10-26 05:54:11 - Loading required files
2025-10-26 05:54:11 - Required files loaded successfully
2025-10-26 05:54:11 - MpesaService loaded successfully
2025-10-26 05:54:11 - User ID: 1
2025-10-26 05:54:11 - User orders: 8, Events: 2
2025-10-26 05:54:11 - Rendering dashboard page
2025-10-26 05:54:17 - === DASHBOARD ACCESSED ===
2025-10-26 05:54:17 - Loading required files
2025-10-26 05:54:17 - Required files loaded successfully
2025-10-26 05:54:17 - MpesaService loaded successfully
2025-10-26 05:54:17 - User ID: 1
2025-10-26 05:54:17 - User orders: 8, Events: 2
2025-10-26 05:54:17 - Rendering dashboard page
2025-10-26 05:54:23 - === DASHBOARD ACCESSED ===
2025-10-26 05:54:23 - Loading required files
2025-10-26 05:54:23 - Required files loaded successfully
2025-10-26 05:54:23 - MpesaService loaded successfully
2025-10-26 05:54:23 - User ID: 1
2025-10-26 05:54:23 - User orders: 8, Events: 2
2025-10-26 05:54:23 - Rendering dashboard page
2025-10-26 05:54:29 - === DASHBOARD ACCESSED ===
2025-10-26 05:54:29 - Loading required files
2025-10-26 05:54:29 - Required files loaded successfully
2025-10-26 05:54:29 - MpesaService loaded successfully
2025-10-26 05:54:29 - User ID: 1
2025-10-26 05:54:29 - User orders: 8, Events: 2
2025-10-26 05:54:29 - Rendering dashboard page
2025-10-26 05:54:35 - === DASHBOARD ACCESSED ===
2025-10-26 05:54:35 - Loading required files
2025-10-26 05:54:35 - Required files loaded successfully
2025-10-26 05:54:35 - MpesaService loaded successfully
2025-10-26 05:54:35 - User ID: 1
2025-10-26 05:54:35 - User orders: 8, Events: 2
2025-10-26 05:54:35 - Rendering dashboard page
2025-10-26 05:54:41 - === DASHBOARD ACCESSED ===
2025-10-26 05:54:41 - Loading required files
2025-10-26 05:54:41 - Required files loaded successfully
2025-10-26 05:54:41 - MpesaService loaded successfully
2025-10-26 05:54:41 - User ID: 1
2025-10-26 05:54:41 - User orders: 8, Events: 2
2025-10-26 05:54:41 - Rendering dashboard page
2025-10-26 05:54:47 - === DASHBOARD ACCESSED ===
2025-10-26 05:54:47 - Loading required files
2025-10-26 05:54:47 - Required files loaded successfully
2025-10-26 05:54:47 - MpesaService loaded successfully
2025-10-26 05:54:47 - User ID: 1
2025-10-26 05:54:47 - User orders: 8, Events: 2
2025-10-26 05:54:47 - Rendering dashboard page
2025-10-26 05:54:53 - === DASHBOARD ACCESSED ===
2025-10-26 05:54:53 - Loading required files
2025-10-26 05:54:53 - Required files loaded successfully
2025-10-26 05:54:53 - MpesaService loaded successfully
2025-10-26 05:54:53 - User ID: 1
2025-10-26 05:54:53 - User orders: 8, Events: 2
2025-10-26 05:54:53 - Rendering dashboard page
2025-10-26 05:54:59 - === DASHBOARD ACCESSED ===
2025-10-26 05:54:59 - Loading required files
2025-10-26 05:54:59 - Required files loaded successfully
2025-10-26 05:54:59 - MpesaService loaded successfully
2025-10-26 05:54:59 - User ID: 1
2025-10-26 05:54:59 - User orders: 8, Events: 2
2025-10-26 05:54:59 - Rendering dashboard page
2025-10-26 05:55:05 - === DASHBOARD ACCESSED ===
2025-10-26 05:55:05 - Loading required files
2025-10-26 05:55:05 - Required files loaded successfully
2025-10-26 05:55:05 - MpesaService loaded successfully
2025-10-26 05:55:05 - User ID: 1
2025-10-26 05:55:05 - User orders: 8, Events: 2
2025-10-26 05:55:05 - Rendering dashboard page
2025-10-26 05:55:11 - === DASHBOARD ACCESSED ===
2025-10-26 05:55:11 - Loading required files
2025-10-26 05:55:11 - Required files loaded successfully
2025-10-26 05:55:11 - MpesaService loaded successfully
2025-10-26 05:55:11 - User ID: 1
2025-10-26 05:55:11 - User orders: 8, Events: 2
2025-10-26 05:55:11 - Rendering dashboard page
2025-10-26 05:55:17 - === DASHBOARD ACCESSED ===
2025-10-26 05:55:17 - Loading required files
2025-10-26 05:55:17 - Required files loaded successfully
2025-10-26 05:55:17 - MpesaService loaded successfully
2025-10-26 05:55:17 - User ID: 1
2025-10-26 05:55:17 - User orders: 8, Events: 2
2025-10-26 05:55:17 - Rendering dashboard page
2025-10-26 05:55:23 - === DASHBOARD ACCESSED ===
2025-10-26 05:55:23 - Loading required files
2025-10-26 05:55:23 - Required files loaded successfully
2025-10-26 05:55:23 - MpesaService loaded successfully
2025-10-26 05:55:23 - User ID: 1
2025-10-26 05:55:23 - User orders: 8, Events: 2
2025-10-26 05:55:23 - Rendering dashboard page
2025-10-26 05:55:29 - === DASHBOARD ACCESSED ===
2025-10-26 05:55:29 - Loading required files
2025-10-26 05:55:29 - Required files loaded successfully
2025-10-26 05:55:29 - MpesaService loaded successfully
2025-10-26 05:55:29 - User ID: 1
2025-10-26 05:55:29 - User orders: 8, Events: 2
2025-10-26 05:55:29 - Rendering dashboard page
2025-10-26 05:55:35 - === DASHBOARD ACCESSED ===
2025-10-26 05:55:35 - Loading required files
2025-10-26 05:55:35 - Required files loaded successfully
2025-10-26 05:55:35 - MpesaService loaded successfully
2025-10-26 05:55:35 - User ID: 1
2025-10-26 05:55:35 - User orders: 8, Events: 2
2025-10-26 05:55:35 - Rendering dashboard page
2025-10-26 05:55:41 - === DASHBOARD ACCESSED ===
2025-10-26 05:55:41 - Loading required files
2025-10-26 05:55:41 - Required files loaded successfully
2025-10-26 05:55:41 - MpesaService loaded successfully
2025-10-26 05:55:41 - User ID: 1
2025-10-26 05:55:41 - User orders: 8, Events: 2
2025-10-26 05:55:41 - Rendering dashboard page
2025-10-26 05:55:47 - === DASHBOARD ACCESSED ===
2025-10-26 05:55:47 - Loading required files
2025-10-26 05:55:47 - Required files loaded successfully
2025-10-26 05:55:47 - MpesaService loaded successfully
2025-10-26 05:55:47 - User ID: 1
2025-10-26 05:55:47 - User orders: 8, Events: 2
2025-10-26 05:55:47 - Rendering dashboard page
2025-10-26 05:55:53 - === DASHBOARD ACCESSED ===
2025-10-26 05:55:53 - Loading required files
2025-10-26 05:55:53 - Required files loaded successfully
2025-10-26 05:55:53 - MpesaService loaded successfully
2025-10-26 05:55:53 - User ID: 1
2025-10-26 05:55:53 - User orders: 8, Events: 2
2025-10-26 05:55:53 - Rendering dashboard page
2025-10-26 05:55:59 - === DASHBOARD ACCESSED ===
2025-10-26 05:55:59 - Loading required files
2025-10-26 05:55:59 - Required files loaded successfully
2025-10-26 05:55:59 - MpesaService loaded successfully
2025-10-26 05:55:59 - User ID: 1
2025-10-26 05:55:59 - User orders: 8, Events: 2
2025-10-26 05:55:59 - Rendering dashboard page
2025-10-26 05:56:05 - === DASHBOARD ACCESSED ===
2025-10-26 05:56:05 - Loading required files
2025-10-26 05:56:05 - Required files loaded successfully
2025-10-26 05:56:05 - MpesaService loaded successfully
2025-10-26 05:56:05 - User ID: 1
2025-10-26 05:56:05 - User orders: 8, Events: 2
2025-10-26 05:56:05 - Rendering dashboard page
2025-10-26 05:56:11 - === DASHBOARD ACCESSED ===
2025-10-26 05:56:11 - Loading required files
2025-10-26 05:56:11 - Required files loaded successfully
2025-10-26 05:56:11 - MpesaService loaded successfully
2025-10-26 05:56:11 - User ID: 1
2025-10-26 05:56:11 - User orders: 8, Events: 2
2025-10-26 05:56:11 - Rendering dashboard page
2025-10-26 05:56:17 - === DASHBOARD ACCESSED ===
2025-10-26 05:56:17 - Loading required files
2025-10-26 05:56:17 - Required files loaded successfully
2025-10-26 05:56:17 - MpesaService loaded successfully
2025-10-26 05:56:17 - User ID: 1
2025-10-26 05:56:17 - User orders: 8, Events: 2
2025-10-26 05:56:17 - Rendering dashboard page
2025-10-26 05:56:23 - === DASHBOARD ACCESSED ===
2025-10-26 05:56:23 - Loading required files
2025-10-26 05:56:23 - Required files loaded successfully
2025-10-26 05:56:23 - MpesaService loaded successfully
2025-10-26 05:56:23 - User ID: 1
2025-10-26 05:56:23 - User orders: 8, Events: 2
2025-10-26 05:56:23 - Rendering dashboard page
2025-10-26 05:56:29 - === DASHBOARD ACCESSED ===
2025-10-26 05:56:29 - Loading required files
2025-10-26 05:56:29 - Required files loaded successfully
2025-10-26 05:56:29 - MpesaService loaded successfully
2025-10-26 05:56:29 - User ID: 1
2025-10-26 05:56:29 - User orders: 8, Events: 2
2025-10-26 05:56:29 - Rendering dashboard page
2025-10-26 05:56:35 - === DASHBOARD ACCESSED ===
2025-10-26 05:56:35 - Loading required files
2025-10-26 05:56:35 - Required files loaded successfully
2025-10-26 05:56:35 - MpesaService loaded successfully
2025-10-26 05:56:35 - User ID: 1
2025-10-26 05:56:35 - User orders: 8, Events: 2
2025-10-26 05:56:35 - Rendering dashboard page
2025-10-26 05:56:41 - === DASHBOARD ACCESSED ===
2025-10-26 05:56:41 - Loading required files
2025-10-26 05:56:41 - Required files loaded successfully
2025-10-26 05:56:41 - MpesaService loaded successfully
2025-10-26 05:56:41 - User ID: 1
2025-10-26 05:56:41 - User orders: 8, Events: 2
2025-10-26 05:56:41 - Rendering dashboard page
2025-10-26 05:56:47 - === DASHBOARD ACCESSED ===
2025-10-26 05:56:47 - Loading required files
2025-10-26 05:56:47 - Required files loaded successfully
2025-10-26 05:56:47 - MpesaService loaded successfully
2025-10-26 05:56:47 - User ID: 1
2025-10-26 05:56:47 - User orders: 8, Events: 2
2025-10-26 05:56:47 - Rendering dashboard page
2025-10-26 05:56:53 - === DASHBOARD ACCESSED ===
2025-10-26 05:56:53 - Loading required files
2025-10-26 05:56:53 - Required files loaded successfully
2025-10-26 05:56:53 - MpesaService loaded successfully
2025-10-26 05:56:53 - User ID: 1
2025-10-26 05:56:53 - User orders: 8, Events: 2
2025-10-26 05:56:53 - Rendering dashboard page
2025-10-26 05:56:59 - === DASHBOARD ACCESSED ===
2025-10-26 05:56:59 - Loading required files
2025-10-26 05:56:59 - Required files loaded successfully
2025-10-26 05:56:59 - MpesaService loaded successfully
2025-10-26 05:56:59 - User ID: 1
2025-10-26 05:56:59 - User orders: 8, Events: 2
2025-10-26 05:56:59 - Rendering dashboard page
2025-10-26 05:57:05 - === DASHBOARD ACCESSED ===
2025-10-26 05:57:05 - Loading required files
2025-10-26 05:57:05 - Required files loaded successfully
2025-10-26 05:57:05 - MpesaService loaded successfully
2025-10-26 05:57:05 - User ID: 1
2025-10-26 05:57:05 - User orders: 8, Events: 2
2025-10-26 05:57:05 - Rendering dashboard page
2025-10-26 05:57:11 - === DASHBOARD ACCESSED ===
2025-10-26 05:57:11 - Loading required files
2025-10-26 05:57:11 - Required files loaded successfully
2025-10-26 05:57:11 - MpesaService loaded successfully
2025-10-26 05:57:11 - User ID: 1
2025-10-26 05:57:11 - User orders: 8, Events: 2
2025-10-26 05:57:11 - Rendering dashboard page
2025-10-26 05:57:17 - === DASHBOARD ACCESSED ===
2025-10-26 05:57:17 - Loading required files
2025-10-26 05:57:17 - Required files loaded successfully
2025-10-26 05:57:17 - MpesaService loaded successfully
2025-10-26 05:57:17 - User ID: 1
2025-10-26 05:57:17 - User orders: 8, Events: 2
2025-10-26 05:57:17 - Rendering dashboard page
2025-10-26 05:57:23 - === DASHBOARD ACCESSED ===
2025-10-26 05:57:23 - Loading required files
2025-10-26 05:57:23 - Required files loaded successfully
2025-10-26 05:57:23 - MpesaService loaded successfully
2025-10-26 05:57:23 - User ID: 1
2025-10-26 05:57:23 - User orders: 8, Events: 2
2025-10-26 05:57:23 - Rendering dashboard page
2025-10-26 05:57:29 - === DASHBOARD ACCESSED ===
2025-10-26 05:57:29 - Loading required files
2025-10-26 05:57:29 - Required files loaded successfully
2025-10-26 05:57:29 - MpesaService loaded successfully
2025-10-26 05:57:29 - User ID: 1
2025-10-26 05:57:29 - User orders: 8, Events: 2
2025-10-26 05:57:29 - Rendering dashboard page
2025-10-26 05:57:35 - === DASHBOARD ACCESSED ===
2025-10-26 05:57:35 - Loading required files
2025-10-26 05:57:35 - Required files loaded successfully
2025-10-26 05:57:35 - MpesaService loaded successfully
2025-10-26 05:57:35 - User ID: 1
2025-10-26 05:57:35 - User orders: 8, Events: 2
2025-10-26 05:57:35 - Rendering dashboard page
2025-10-26 05:57:41 - === DASHBOARD ACCESSED ===
2025-10-26 05:57:41 - Loading required files
2025-10-26 05:57:41 - Required files loaded successfully
2025-10-26 05:57:41 - MpesaService loaded successfully
2025-10-26 05:57:41 - User ID: 1
2025-10-26 05:57:41 - User orders: 8, Events: 2
2025-10-26 05:57:41 - Rendering dashboard page
2025-10-26 05:57:47 - === DASHBOARD ACCESSED ===
2025-10-26 05:57:47 - Loading required files
2025-10-26 05:57:47 - Required files loaded successfully
2025-10-26 05:57:47 - MpesaService loaded successfully
2025-10-26 05:57:47 - User ID: 1
2025-10-26 05:57:47 - User orders: 8, Events: 2
2025-10-26 05:57:47 - Rendering dashboard page
2025-10-26 05:57:53 - === DASHBOARD ACCESSED ===
2025-10-26 05:57:53 - Loading required files
2025-10-26 05:57:53 - Required files loaded successfully
2025-10-26 05:57:53 - MpesaService loaded successfully
2025-10-26 05:57:53 - User ID: 1
2025-10-26 05:57:53 - User orders: 8, Events: 2
2025-10-26 05:57:53 - Rendering dashboard page
2025-10-26 05:57:59 - === DASHBOARD ACCESSED ===
2025-10-26 05:57:59 - Loading required files
2025-10-26 05:57:59 - Required files loaded successfully
2025-10-26 05:57:59 - MpesaService loaded successfully
2025-10-26 05:57:59 - User ID: 1
2025-10-26 05:57:59 - User orders: 8, Events: 2
2025-10-26 05:57:59 - Rendering dashboard page
2025-10-26 05:58:05 - === DASHBOARD ACCESSED ===
2025-10-26 05:58:05 - Loading required files
2025-10-26 05:58:05 - Required files loaded successfully
2025-10-26 05:58:05 - MpesaService loaded successfully
2025-10-26 05:58:05 - User ID: 1
2025-10-26 05:58:05 - User orders: 8, Events: 2
2025-10-26 05:58:05 - Rendering dashboard page
2025-10-26 05:58:11 - === DASHBOARD ACCESSED ===
2025-10-26 05:58:11 - Loading required files
2025-10-26 05:58:11 - Required files loaded successfully
2025-10-26 05:58:11 - MpesaService loaded successfully
2025-10-26 05:58:11 - User ID: 1
2025-10-26 05:58:11 - User orders: 8, Events: 2
2025-10-26 05:58:11 - Rendering dashboard page
2025-10-26 05:58:17 - === DASHBOARD ACCESSED ===
2025-10-26 05:58:17 - Loading required files
2025-10-26 05:58:17 - Required files loaded successfully
2025-10-26 05:58:17 - MpesaService loaded successfully
2025-10-26 05:58:17 - User ID: 1
2025-10-26 05:58:17 - User orders: 8, Events: 2
2025-10-26 05:58:17 - Rendering dashboard page
2025-10-26 05:58:23 - === DASHBOARD ACCESSED ===
2025-10-26 05:58:23 - Loading required files
2025-10-26 05:58:23 - Required files loaded successfully
2025-10-26 05:58:23 - MpesaService loaded successfully
2025-10-26 05:58:23 - User ID: 1
2025-10-26 05:58:23 - User orders: 8, Events: 2
2025-10-26 05:58:23 - Rendering dashboard page
2025-10-26 05:58:29 - === DASHBOARD ACCESSED ===
2025-10-26 05:58:29 - Loading required files
2025-10-26 05:58:29 - Required files loaded successfully
2025-10-26 05:58:29 - MpesaService loaded successfully
2025-10-26 05:58:29 - User ID: 1
2025-10-26 05:58:29 - User orders: 8, Events: 2
2025-10-26 05:58:29 - Rendering dashboard page
2025-10-26 05:58:35 - === DASHBOARD ACCESSED ===
2025-10-26 05:58:35 - Loading required files
2025-10-26 05:58:35 - Required files loaded successfully
2025-10-26 05:58:35 - MpesaService loaded successfully
2025-10-26 05:58:35 - User ID: 1
2025-10-26 05:58:35 - User orders: 8, Events: 2
2025-10-26 05:58:35 - Rendering dashboard page
2025-10-26 05:58:40 - === DASHBOARD ACCESSED ===
2025-10-26 05:58:40 - Loading required files
2025-10-26 05:58:40 - Required files loaded successfully
2025-10-26 05:58:40 - MpesaService loaded successfully
2025-10-26 05:58:40 - User ID: 1
2025-10-26 05:58:40 - User orders: 8, Events: 2
2025-10-26 05:58:40 - Rendering dashboard page
2025-10-26 05:58:45 - === DASHBOARD ACCESSED ===
2025-10-26 05:58:45 - Loading required files
2025-10-26 05:58:45 - Required files loaded successfully
2025-10-26 05:58:45 - MpesaService loaded successfully
2025-10-26 05:58:45 - User ID: 1
2025-10-26 05:58:45 - User orders: 8, Events: 2
2025-10-26 05:58:46 - Rendering dashboard page
2025-10-26 05:58:51 - === DASHBOARD ACCESSED ===
2025-10-26 05:58:51 - Loading required files
2025-10-26 05:58:51 - Required files loaded successfully
2025-10-26 05:58:51 - MpesaService loaded successfully
2025-10-26 05:58:51 - User ID: 1
2025-10-26 05:58:51 - User orders: 8, Events: 2
2025-10-26 05:58:51 - Rendering dashboard page
2025-10-26 05:58:56 - === DASHBOARD ACCESSED ===
2025-10-26 05:58:56 - Loading required files
2025-10-26 05:58:56 - Required files loaded successfully
2025-10-26 05:58:56 - MpesaService loaded successfully
2025-10-26 05:58:56 - User ID: 1
2025-10-26 05:58:56 - User orders: 8, Events: 2
2025-10-26 05:58:56 - Rendering dashboard page
2025-10-26 05:59:01 - === DASHBOARD ACCESSED ===
2025-10-26 05:59:01 - Loading required files
2025-10-26 05:59:01 - Required files loaded successfully
2025-10-26 05:59:01 - MpesaService loaded successfully
2025-10-26 05:59:01 - User ID: 1
2025-10-26 05:59:01 - User orders: 8, Events: 2
2025-10-26 05:59:01 - Rendering dashboard page
2025-10-26 05:59:06 - === DASHBOARD ACCESSED ===
2025-10-26 05:59:06 - Loading required files
2025-10-26 05:59:06 - Required files loaded successfully
2025-10-26 05:59:06 - MpesaService loaded successfully
2025-10-26 05:59:06 - User ID: 1
2025-10-26 05:59:06 - User orders: 8, Events: 2
2025-10-26 05:59:06 - Rendering dashboard page
2025-10-26 05:59:11 - === DASHBOARD ACCESSED ===
2025-10-26 05:59:11 - Loading required files
2025-10-26 05:59:12 - Required files loaded successfully
2025-10-26 05:59:12 - MpesaService loaded successfully
2025-10-26 05:59:12 - User ID: 1
2025-10-26 05:59:12 - User orders: 8, Events: 2
2025-10-26 05:59:12 - Rendering dashboard page
2025-10-26 05:59:16 - === DASHBOARD ACCESSED ===
2025-10-26 05:59:16 - Loading required files
2025-10-26 05:59:16 - Required files loaded successfully
2025-10-26 05:59:16 - MpesaService loaded successfully
2025-10-26 05:59:16 - User ID: 1
2025-10-26 05:59:16 - User orders: 8, Events: 2
2025-10-26 05:59:16 - Rendering dashboard page
2025-10-26 05:59:21 - === DASHBOARD ACCESSED ===
2025-10-26 05:59:21 - Loading required files
2025-10-26 05:59:21 - Required files loaded successfully
2025-10-26 05:59:21 - MpesaService loaded successfully
2025-10-26 05:59:21 - User ID: 1
2025-10-26 05:59:21 - User orders: 8, Events: 2
2025-10-26 05:59:21 - Rendering dashboard page
2025-10-26 05:59:26 - === DASHBOARD ACCESSED ===
2025-10-26 05:59:26 - Loading required files
2025-10-26 05:59:26 - Required files loaded successfully
2025-10-26 05:59:26 - MpesaService loaded successfully
2025-10-26 05:59:26 - User ID: 1
2025-10-26 05:59:26 - User orders: 8, Events: 2
2025-10-26 05:59:26 - Rendering dashboard page
2025-10-26 05:59:28 - === DASHBOARD ACCESSED ===
2025-10-26 05:59:28 - Loading required files
2025-10-26 05:59:28 - Required files loaded successfully
2025-10-26 05:59:28 - MpesaService loaded successfully
2025-10-26 05:59:28 - User ID: 1
2025-10-26 05:59:28 - User orders: 8, Events: 2
2025-10-26 05:59:28 - Rendering dashboard page
2025-10-26 06:01:47 - === DASHBOARD ACCESSED ===
2025-10-26 06:01:47 - Loading required files
2025-10-26 06:01:47 - Required files loaded successfully
2025-10-26 06:01:47 - MpesaService loaded successfully
2025-10-26 06:01:47 - User ID: 1
2025-10-26 06:01:47 - User orders: 8, Events: 3
2025-10-26 06:01:47 - Rendering dashboard page
2025-10-26 06:01:52 - === DASHBOARD ACCESSED ===
2025-10-26 06:01:52 - Loading required files
2025-10-26 06:01:52 - Required files loaded successfully
2025-10-26 06:01:52 - MpesaService loaded successfully
2025-10-26 06:01:52 - User ID: 1
2025-10-26 06:01:52 - User orders: 8, Events: 3
2025-10-26 06:01:52 - Rendering dashboard page
2025-10-26 06:01:57 - === DASHBOARD ACCESSED ===
2025-10-26 06:01:57 - Loading required files
2025-10-26 06:01:57 - Required files loaded successfully
2025-10-26 06:01:57 - MpesaService loaded successfully
2025-10-26 06:01:57 - User ID: 1
2025-10-26 06:01:57 - User orders: 8, Events: 3
2025-10-26 06:01:57 - Rendering dashboard page
2025-10-26 06:02:02 - === DASHBOARD ACCESSED ===
2025-10-26 06:02:02 - Loading required files
2025-10-26 06:02:02 - Required files loaded successfully
2025-10-26 06:02:02 - MpesaService loaded successfully
2025-10-26 06:02:02 - User ID: 1
2025-10-26 06:02:02 - User orders: 8, Events: 3
2025-10-26 06:02:02 - Rendering dashboard page
2025-10-26 06:02:07 - === DASHBOARD ACCESSED ===
2025-10-26 06:02:07 - Loading required files
2025-10-26 06:02:07 - Required files loaded successfully
2025-10-26 06:02:07 - MpesaService loaded successfully
2025-10-26 06:02:07 - User ID: 1
2025-10-26 06:02:07 - User orders: 8, Events: 3
2025-10-26 06:02:07 - Rendering dashboard page
2025-10-26 06:02:13 - === DASHBOARD ACCESSED ===
2025-10-26 06:02:13 - Loading required files
2025-10-26 06:02:13 - Required files loaded successfully
2025-10-26 06:02:13 - MpesaService loaded successfully
2025-10-26 06:02:13 - User ID: 1
2025-10-26 06:02:13 - User orders: 8, Events: 3
2025-10-26 06:02:13 - Rendering dashboard page
2025-10-27 09:05:30 - === DASHBOARD ACCESSED ===
2025-10-27 09:05:30 - Loading required files
2025-10-27 09:05:30 - Required files loaded successfully
2025-10-27 09:05:30 - MpesaService loaded successfully
2025-10-27 09:05:30 - User ID: 1
2025-10-27 09:05:30 - User orders: 8, Events: 3
2025-10-27 09:05:30 - Rendering dashboard page
2025-10-27 09:05:39 - === DASHBOARD ACCESSED ===
2025-10-27 09:05:39 - Loading required files
2025-10-27 09:05:39 - Required files loaded successfully
2025-10-27 09:05:39 - MpesaService loaded successfully
2025-10-27 09:05:39 - User ID: 1
2025-10-27 09:05:39 - User orders: 8, Events: 3
2025-10-27 09:05:39 - POST request received: Array
(
    [process_payment] => 1
    [order_id] => 10
    [phone] => 0722524741
)

2025-10-27 09:05:39 - Processing M-Pesa payment...
2025-10-27 09:05:39 - Original amount: 2500.00, M-Pesa amount: 2500
2025-10-27 09:05:39 - MpesaService initialized
2025-10-27 09:05:39 - Using ngrok Callback URL: https://tom-primatial-noncontrollablely.ngrok-free.dev/mpesa/mpesa_callback.php
2025-10-27 09:05:39 - Phone validated: 254722524741
2025-10-27 09:05:39 - Initiating STK Push with amount: 2500
2025-10-27 09:05:41 - STK Response: Array
(
    [MerchantRequestID] => bdf9-49a1-8fd7-afb07f067ed411913
    [CheckoutRequestID] => ws_CO_27102025120541771722524741
    [ResponseCode] => 0
    [ResponseDescription] => Success. Request accepted for processing
    [CustomerMessage] => Success. Request accepted for processing
)

2025-10-27 09:05:41 - Transaction record created
2025-10-27 09:05:41 - Order updated with checkout request ID
2025-10-27 09:05:41 - Payment initiated successfully
2025-10-27 09:05:41 - === DASHBOARD ACCESSED ===
2025-10-27 09:05:41 - Loading required files
2025-10-27 09:05:41 - Required files loaded successfully
2025-10-27 09:05:41 - MpesaService loaded successfully
2025-10-27 09:05:41 - User ID: 1
2025-10-27 09:05:41 - User orders: 8, Events: 3
2025-10-27 09:05:41 - Rendering dashboard page
2025-10-27 09:05:46 - === DASHBOARD ACCESSED ===
2025-10-27 09:05:46 - Loading required files
2025-10-27 09:05:46 - Required files loaded successfully
2025-10-27 09:05:46 - MpesaService loaded successfully
2025-10-27 09:05:46 - User ID: 1
2025-10-27 09:05:46 - User orders: 8, Events: 3
2025-10-27 09:05:46 - Rendering dashboard page
2025-10-27 09:05:51 - === DASHBOARD ACCESSED ===
2025-10-27 09:05:51 - Loading required files
2025-10-27 09:05:52 - Required files loaded successfully
2025-10-27 09:05:52 - MpesaService loaded successfully
2025-10-27 09:05:52 - User ID: 1
2025-10-27 09:05:52 - User orders: 8, Events: 3
2025-10-27 09:05:52 - Rendering dashboard page
2025-10-27 09:05:57 - === DASHBOARD ACCESSED ===
2025-10-27 09:05:57 - Loading required files
2025-10-27 09:05:57 - Required files loaded successfully
2025-10-27 09:05:57 - MpesaService loaded successfully
2025-10-27 09:05:57 - User ID: 1
2025-10-27 09:05:57 - User orders: 8, Events: 3
2025-10-27 09:05:57 - Rendering dashboard page
2025-10-27 09:06:03 - === DASHBOARD ACCESSED ===
2025-10-27 09:06:03 - Loading required files
2025-10-27 09:06:03 - Required files loaded successfully
2025-10-27 09:06:03 - MpesaService loaded successfully
2025-10-27 09:06:03 - User ID: 1
2025-10-27 09:06:03 - User orders: 8, Events: 3
2025-10-27 09:06:03 - Rendering dashboard page
2025-10-27 09:06:09 - === DASHBOARD ACCESSED ===
2025-10-27 09:06:09 - Loading required files
2025-10-27 09:06:09 - Required files loaded successfully
2025-10-27 09:06:09 - MpesaService loaded successfully
2025-10-27 09:06:09 - User ID: 1
2025-10-27 09:06:09 - User orders: 8, Events: 3
2025-10-27 09:06:09 - Rendering dashboard page
2025-10-27 09:06:16 - === DASHBOARD ACCESSED ===
2025-10-27 09:06:16 - Loading required files
2025-10-27 09:06:16 - Required files loaded successfully
2025-10-27 09:06:16 - MpesaService loaded successfully
2025-10-27 09:06:16 - User ID: 1
2025-10-27 09:06:16 - User orders: 8, Events: 3
2025-10-27 09:06:16 - Rendering dashboard page
2025-10-27 09:06:22 - === DASHBOARD ACCESSED ===
2025-10-27 09:06:22 - Loading required files
2025-10-27 09:06:22 - Required files loaded successfully
2025-10-27 09:06:22 - MpesaService loaded successfully
2025-10-27 09:06:22 - User ID: 1
2025-10-27 09:06:22 - User orders: 8, Events: 3
2025-10-27 09:06:22 - Rendering dashboard page
2025-10-27 09:06:29 - === DASHBOARD ACCESSED ===
2025-10-27 09:06:29 - Loading required files
2025-10-27 09:06:29 - Required files loaded successfully
2025-10-27 09:06:29 - MpesaService loaded successfully
2025-10-27 09:06:29 - User ID: 1
2025-10-27 09:06:29 - User orders: 8, Events: 3
2025-10-27 09:06:29 - Rendering dashboard page
2025-10-27 09:06:35 - === DASHBOARD ACCESSED ===
2025-10-27 09:06:35 - Loading required files
2025-10-27 09:06:35 - Required files loaded successfully
2025-10-27 09:06:35 - MpesaService loaded successfully
2025-10-27 09:06:35 - User ID: 1
2025-10-27 09:06:35 - User orders: 8, Events: 3
2025-10-27 09:06:35 - Rendering dashboard page
2025-10-27 09:06:37 - === DASHBOARD ACCESSED ===
2025-10-27 09:06:37 - Loading required files
2025-10-27 09:06:37 - Required files loaded successfully
2025-10-27 09:06:38 - MpesaService loaded successfully
2025-10-27 09:06:38 - User ID: 1
2025-10-27 09:06:38 - User orders: 8, Events: 3
2025-10-27 09:06:38 - Rendering dashboard page
2025-10-27 09:06:43 - === DASHBOARD ACCESSED ===
2025-10-27 09:06:43 - Loading required files
2025-10-27 09:06:43 - Required files loaded successfully
2025-10-27 09:06:43 - MpesaService loaded successfully
2025-10-27 09:06:43 - User ID: 1
2025-10-27 09:06:43 - User orders: 8, Events: 3
2025-10-27 09:06:43 - Rendering dashboard page
2025-10-27 09:06:50 - === DASHBOARD ACCESSED ===
2025-10-27 09:06:50 - Loading required files
2025-10-27 09:06:50 - Required files loaded successfully
2025-10-27 09:06:50 - MpesaService loaded successfully
2025-10-27 09:06:50 - User ID: 1
2025-10-27 09:06:50 - User orders: 8, Events: 3
2025-10-27 09:06:50 - Rendering dashboard page
2025-10-27 09:06:56 - === DASHBOARD ACCESSED ===
2025-10-27 09:06:56 - Loading required files
2025-10-27 09:06:56 - Required files loaded successfully
2025-10-27 09:06:56 - MpesaService loaded successfully
2025-10-27 09:06:56 - User ID: 1
2025-10-27 09:06:56 - User orders: 8, Events: 3
2025-10-27 09:06:56 - Rendering dashboard page
2025-10-27 09:07:02 - === DASHBOARD ACCESSED ===
2025-10-27 09:07:03 - Loading required files
2025-10-27 09:07:03 - Required files loaded successfully
2025-10-27 09:07:03 - MpesaService loaded successfully
2025-10-27 09:07:03 - User ID: 1
2025-10-27 09:07:03 - User orders: 8, Events: 3
2025-10-27 09:07:03 - Rendering dashboard page
2025-10-27 09:07:08 - === DASHBOARD ACCESSED ===
2025-10-27 09:07:08 - Loading required files
2025-10-27 09:07:08 - Required files loaded successfully
2025-10-27 09:07:08 - MpesaService loaded successfully
2025-10-27 09:07:08 - User ID: 1
2025-10-27 09:07:08 - User orders: 8, Events: 3
2025-10-27 09:07:08 - Rendering dashboard page
2025-10-27 09:07:14 - === DASHBOARD ACCESSED ===
2025-10-27 09:07:14 - Loading required files
2025-10-27 09:07:14 - Required files loaded successfully
2025-10-27 09:07:14 - MpesaService loaded successfully
2025-10-27 09:07:14 - User ID: 1
2025-10-27 09:07:14 - User orders: 8, Events: 3
2025-10-27 09:07:14 - Rendering dashboard page
2025-10-27 09:07:21 - === DASHBOARD ACCESSED ===
2025-10-27 09:07:21 - Loading required files
2025-10-27 09:07:21 - Required files loaded successfully
2025-10-27 09:07:21 - MpesaService loaded successfully
2025-10-27 09:07:21 - User ID: 1
2025-10-27 09:07:21 - User orders: 8, Events: 3
2025-10-27 09:07:21 - Rendering dashboard page
2025-10-27 09:07:27 - === DASHBOARD ACCESSED ===
2025-10-27 09:07:27 - Loading required files
2025-10-27 09:07:27 - Required files loaded successfully
2025-10-27 09:07:27 - MpesaService loaded successfully
2025-10-27 09:07:27 - User ID: 1
2025-10-27 09:07:27 - User orders: 8, Events: 3
2025-10-27 09:07:27 - Rendering dashboard page
2025-10-27 09:07:34 - === DASHBOARD ACCESSED ===
2025-10-27 09:07:34 - Loading required files
2025-10-27 09:07:34 - Required files loaded successfully
2025-10-27 09:07:34 - MpesaService loaded successfully
2025-10-27 09:07:34 - User ID: 1
2025-10-27 09:07:34 - User orders: 8, Events: 3
2025-10-27 09:07:34 - Rendering dashboard page
2025-10-27 09:07:38 - === DASHBOARD ACCESSED ===
2025-10-27 09:07:38 - Loading required files
2025-10-27 09:07:38 - Required files loaded successfully
2025-10-27 09:07:38 - MpesaService loaded successfully
2025-10-27 09:07:38 - User ID: 1
2025-10-27 09:07:38 - User orders: 8, Events: 3
2025-10-27 09:07:38 - Rendering dashboard page
2025-10-27 09:07:44 - === DASHBOARD ACCESSED ===
2025-10-27 09:07:44 - Loading required files
2025-10-27 09:07:44 - Required files loaded successfully
2025-10-27 09:07:44 - MpesaService loaded successfully
2025-10-27 09:07:44 - User ID: 1
2025-10-27 09:07:44 - User orders: 8, Events: 3
2025-10-27 09:07:44 - Rendering dashboard page
2025-10-27 09:07:50 - === DASHBOARD ACCESSED ===
2025-10-27 09:07:50 - Loading required files
2025-10-27 09:07:50 - Required files loaded successfully
2025-10-27 09:07:50 - MpesaService loaded successfully
2025-10-27 09:07:50 - User ID: 1
2025-10-27 09:07:50 - User orders: 8, Events: 3
2025-10-27 09:07:50 - Rendering dashboard page
2025-10-27 09:07:57 - === DASHBOARD ACCESSED ===
2025-10-27 09:07:57 - Loading required files
2025-10-27 09:07:57 - Required files loaded successfully
2025-10-27 09:07:57 - MpesaService loaded successfully
2025-10-27 09:07:57 - User ID: 1
2025-10-27 09:07:57 - User orders: 8, Events: 3
2025-10-27 09:07:57 - Rendering dashboard page
2025-10-27 09:08:03 - === DASHBOARD ACCESSED ===
2025-10-27 09:08:03 - Loading required files
2025-10-27 09:08:03 - Required files loaded successfully
2025-10-27 09:08:03 - MpesaService loaded successfully
2025-10-27 09:08:03 - User ID: 1
2025-10-27 09:08:03 - User orders: 8, Events: 3
2025-10-27 09:08:04 - Rendering dashboard page
2025-10-27 09:08:08 - === DASHBOARD ACCESSED ===
2025-10-27 09:08:08 - Loading required files
2025-10-27 09:08:08 - Required files loaded successfully
2025-10-27 09:08:08 - MpesaService loaded successfully
2025-10-27 09:08:08 - User ID: 1
2025-10-27 09:08:08 - User orders: 8, Events: 3
2025-10-27 09:08:08 - Rendering dashboard page
2025-10-27 09:08:14 - === DASHBOARD ACCESSED ===
2025-10-27 09:08:14 - Loading required files
2025-10-27 09:08:14 - Required files loaded successfully
2025-10-27 09:08:14 - MpesaService loaded successfully
2025-10-27 09:08:14 - User ID: 1
2025-10-27 09:08:14 - User orders: 8, Events: 3
2025-10-27 09:08:14 - Rendering dashboard page
2025-10-27 09:08:20 - === DASHBOARD ACCESSED ===
2025-10-27 09:08:20 - Loading required files
2025-10-27 09:08:20 - Required files loaded successfully
2025-10-27 09:08:20 - MpesaService loaded successfully
2025-10-27 09:08:20 - User ID: 1
2025-10-27 09:08:20 - User orders: 8, Events: 3
2025-10-27 09:08:20 - Rendering dashboard page
2025-10-27 09:08:27 - === DASHBOARD ACCESSED ===
2025-10-27 09:08:27 - Loading required files
2025-10-27 09:08:27 - Required files loaded successfully
2025-10-27 09:08:27 - MpesaService loaded successfully
2025-10-27 09:08:27 - User ID: 1
2025-10-27 09:08:27 - User orders: 8, Events: 3
2025-10-27 09:08:27 - Rendering dashboard page
2025-10-27 09:08:33 - === DASHBOARD ACCESSED ===
2025-10-27 09:08:33 - Loading required files
2025-10-27 09:08:33 - Required files loaded successfully
2025-10-27 09:08:33 - MpesaService loaded successfully
2025-10-27 09:08:33 - User ID: 1
2025-10-27 09:08:33 - User orders: 8, Events: 3
2025-10-27 09:08:33 - Rendering dashboard page
2025-10-27 09:08:38 - === DASHBOARD ACCESSED ===
2025-10-27 09:08:38 - Loading required files
2025-10-27 09:08:38 - Required files loaded successfully
2025-10-27 09:08:38 - MpesaService loaded successfully
2025-10-27 09:08:38 - User ID: 1
2025-10-27 09:08:38 - User orders: 8, Events: 3
2025-10-27 09:08:38 - Rendering dashboard page
2025-10-27 09:08:44 - === DASHBOARD ACCESSED ===
2025-10-27 09:08:44 - Loading required files
2025-10-27 09:08:44 - Required files loaded successfully
2025-10-27 09:08:44 - MpesaService loaded successfully
2025-10-27 09:08:44 - User ID: 1
2025-10-27 09:08:44 - User orders: 8, Events: 3
2025-10-27 09:08:44 - Rendering dashboard page
2025-10-27 09:08:51 - === DASHBOARD ACCESSED ===
2025-10-27 09:08:51 - Loading required files
2025-10-27 09:08:51 - Required files loaded successfully
2025-10-27 09:08:51 - MpesaService loaded successfully
2025-10-27 09:08:51 - User ID: 1
2025-10-27 09:08:51 - User orders: 8, Events: 3
2025-10-27 09:08:51 - Rendering dashboard page
2025-10-27 09:08:57 - === DASHBOARD ACCESSED ===
2025-10-27 09:08:57 - Loading required files
2025-10-27 09:08:57 - Required files loaded successfully
2025-10-27 09:08:57 - MpesaService loaded successfully
2025-10-27 09:08:57 - User ID: 1
2025-10-27 09:08:57 - User orders: 8, Events: 3
2025-10-27 09:08:57 - Rendering dashboard page
2025-10-27 09:09:04 - === DASHBOARD ACCESSED ===
2025-10-27 09:09:04 - Loading required files
2025-10-27 09:09:04 - Required files loaded successfully
2025-10-27 09:09:04 - MpesaService loaded successfully
2025-10-27 09:09:04 - User ID: 1
2025-10-27 09:09:04 - User orders: 8, Events: 3
2025-10-27 09:09:04 - Rendering dashboard page
2025-10-27 09:09:08 - === DASHBOARD ACCESSED ===
2025-10-27 09:09:08 - Loading required files
2025-10-27 09:09:08 - Required files loaded successfully
2025-10-27 09:09:08 - MpesaService loaded successfully
2025-10-27 09:09:08 - User ID: 1
2025-10-27 09:09:08 - User orders: 8, Events: 3
2025-10-27 09:09:08 - Rendering dashboard page
2025-10-27 09:09:14 - === DASHBOARD ACCESSED ===
2025-10-27 09:09:14 - Loading required files
2025-10-27 09:09:14 - Required files loaded successfully
2025-10-27 09:09:14 - MpesaService loaded successfully
2025-10-27 09:09:14 - User ID: 1
2025-10-27 09:09:14 - User orders: 8, Events: 3
2025-10-27 09:09:14 - Rendering dashboard page
2025-10-27 09:09:21 - === DASHBOARD ACCESSED ===
2025-10-27 09:09:21 - Loading required files
2025-10-27 09:09:21 - Required files loaded successfully
2025-10-27 09:09:21 - MpesaService loaded successfully
2025-10-27 09:09:21 - User ID: 1
2025-10-27 09:09:21 - User orders: 8, Events: 3
2025-10-27 09:09:21 - Rendering dashboard page
2025-10-27 09:09:27 - === DASHBOARD ACCESSED ===
2025-10-27 09:09:27 - Loading required files
2025-10-27 09:09:27 - Required files loaded successfully
2025-10-27 09:09:27 - MpesaService loaded successfully
2025-10-27 09:09:27 - User ID: 1
2025-10-27 09:09:27 - User orders: 8, Events: 3
2025-10-27 09:09:27 - Rendering dashboard page
2025-10-27 09:09:34 - === DASHBOARD ACCESSED ===
2025-10-27 09:09:34 - Loading required files
2025-10-27 09:09:34 - Required files loaded successfully
2025-10-27 09:09:34 - MpesaService loaded successfully
2025-10-27 09:09:34 - User ID: 1
2025-10-27 09:09:34 - User orders: 8, Events: 3
2025-10-27 09:09:34 - Rendering dashboard page
2025-10-27 09:09:37 - === DASHBOARD ACCESSED ===
2025-10-27 09:09:37 - Loading required files
2025-10-27 09:09:37 - Required files loaded successfully
2025-10-27 09:09:38 - MpesaService loaded successfully
2025-10-27 09:09:38 - User ID: 1
2025-10-27 09:09:38 - User orders: 8, Events: 3
2025-10-27 09:09:38 - Rendering dashboard page
2025-10-27 09:09:44 - === DASHBOARD ACCESSED ===
2025-10-27 09:09:44 - Loading required files
2025-10-27 09:09:44 - Required files loaded successfully
2025-10-27 09:09:44 - MpesaService loaded successfully
2025-10-27 09:09:44 - User ID: 1
2025-10-27 09:09:44 - User orders: 8, Events: 3
2025-10-27 09:09:44 - Rendering dashboard page
2025-10-27 09:09:50 - === DASHBOARD ACCESSED ===
2025-10-27 09:09:50 - Loading required files
2025-10-27 09:09:50 - Required files loaded successfully
2025-10-27 09:09:50 - MpesaService loaded successfully
2025-10-27 09:09:50 - User ID: 1
2025-10-27 09:09:50 - User orders: 8, Events: 3
2025-10-27 09:09:50 - Rendering dashboard page
2025-10-27 09:09:57 - === DASHBOARD ACCESSED ===
2025-10-27 09:09:57 - Loading required files
2025-10-27 09:09:57 - Required files loaded successfully
2025-10-27 09:09:57 - MpesaService loaded successfully
2025-10-27 09:09:57 - User ID: 1
2025-10-27 09:09:57 - User orders: 8, Events: 3
2025-10-27 09:09:57 - Rendering dashboard page
2025-10-27 09:10:03 - === DASHBOARD ACCESSED ===
2025-10-27 09:10:03 - Loading required files
2025-10-27 09:10:03 - Required files loaded successfully
2025-10-27 09:10:03 - MpesaService loaded successfully
2025-10-27 09:10:03 - User ID: 1
2025-10-27 09:10:03 - User orders: 8, Events: 3
2025-10-27 09:10:03 - Rendering dashboard page
2025-10-27 09:10:08 - === DASHBOARD ACCESSED ===
2025-10-27 09:10:08 - Loading required files
2025-10-27 09:10:08 - Required files loaded successfully
2025-10-27 09:10:08 - MpesaService loaded successfully
2025-10-27 09:10:08 - User ID: 1
2025-10-27 09:10:08 - User orders: 8, Events: 3
2025-10-27 09:10:08 - Rendering dashboard page
2025-10-27 09:10:14 - === DASHBOARD ACCESSED ===
2025-10-27 09:10:14 - Loading required files
2025-10-27 09:10:14 - Required files loaded successfully
2025-10-27 09:10:14 - MpesaService loaded successfully
2025-10-27 09:10:14 - User ID: 1
2025-10-27 09:10:14 - User orders: 8, Events: 3
2025-10-27 09:10:14 - Rendering dashboard page
2025-10-27 09:10:21 - === DASHBOARD ACCESSED ===
2025-10-27 09:10:21 - Loading required files
2025-10-27 09:10:21 - Required files loaded successfully
2025-10-27 09:10:21 - MpesaService loaded successfully
2025-10-27 09:10:21 - User ID: 1
2025-10-27 09:10:21 - User orders: 8, Events: 3
2025-10-27 09:10:21 - Rendering dashboard page
2025-10-27 09:10:27 - === DASHBOARD ACCESSED ===
2025-10-27 09:10:27 - Loading required files
2025-10-27 09:10:27 - Required files loaded successfully
2025-10-27 09:10:27 - MpesaService loaded successfully
2025-10-27 09:10:27 - User ID: 1
2025-10-27 09:10:27 - User orders: 8, Events: 3
2025-10-27 09:10:27 - Rendering dashboard page
2025-10-27 09:10:34 - === DASHBOARD ACCESSED ===
2025-10-27 09:10:34 - Loading required files
2025-10-27 09:10:34 - Required files loaded successfully
2025-10-27 09:10:34 - MpesaService loaded successfully
2025-10-27 09:10:34 - User ID: 1
2025-10-27 09:10:34 - User orders: 8, Events: 3
2025-10-27 09:10:34 - Rendering dashboard page
2025-10-27 09:10:38 - === DASHBOARD ACCESSED ===
2025-10-27 09:10:38 - Loading required files
2025-10-27 09:10:38 - Required files loaded successfully
2025-10-27 09:10:38 - MpesaService loaded successfully
2025-10-27 09:10:38 - User ID: 1
2025-10-27 09:10:38 - User orders: 8, Events: 3
2025-10-27 09:10:38 - Rendering dashboard page
2025-10-27 09:10:44 - === DASHBOARD ACCESSED ===
2025-10-27 09:10:44 - Loading required files
2025-10-27 09:10:44 - Required files loaded successfully
2025-10-27 09:10:44 - MpesaService loaded successfully
2025-10-27 09:10:44 - User ID: 1
2025-10-27 09:10:44 - User orders: 8, Events: 3
2025-10-27 09:10:44 - Rendering dashboard page
2025-10-27 09:10:51 - === DASHBOARD ACCESSED ===
2025-10-27 09:10:51 - Loading required files
2025-10-27 09:10:51 - Required files loaded successfully
2025-10-27 09:10:51 - MpesaService loaded successfully
2025-10-27 09:10:51 - User ID: 1
2025-10-27 09:10:51 - User orders: 8, Events: 3
2025-10-27 09:10:51 - Rendering dashboard page
2025-10-27 09:10:57 - === DASHBOARD ACCESSED ===
2025-10-27 09:10:57 - Loading required files
2025-10-27 09:10:57 - Required files loaded successfully
2025-10-27 09:10:57 - MpesaService loaded successfully
2025-10-27 09:10:57 - User ID: 1
2025-10-27 09:10:57 - User orders: 8, Events: 3
2025-10-27 09:10:57 - Rendering dashboard page
2025-10-27 09:11:04 - === DASHBOARD ACCESSED ===
2025-10-27 09:11:04 - Loading required files
2025-10-27 09:11:04 - Required files loaded successfully
2025-10-27 09:11:04 - MpesaService loaded successfully
2025-10-27 09:11:04 - User ID: 1
2025-10-27 09:11:04 - User orders: 8, Events: 3
2025-10-27 09:11:04 - Rendering dashboard page
2025-10-27 09:11:08 - === DASHBOARD ACCESSED ===
2025-10-27 09:11:08 - Loading required files
2025-10-27 09:11:08 - Required files loaded successfully
2025-10-27 09:11:08 - MpesaService loaded successfully
2025-10-27 09:11:08 - User ID: 1
2025-10-27 09:11:08 - User orders: 8, Events: 3
2025-10-27 09:11:08 - Rendering dashboard page
2025-10-27 09:11:14 - === DASHBOARD ACCESSED ===
2025-10-27 09:11:14 - Loading required files
2025-10-27 09:11:14 - Required files loaded successfully
2025-10-27 09:11:14 - MpesaService loaded successfully
2025-10-27 09:11:14 - User ID: 1
2025-10-27 09:11:14 - User orders: 8, Events: 3
2025-10-27 09:11:14 - Rendering dashboard page
2025-10-27 09:11:21 - === DASHBOARD ACCESSED ===
2025-10-27 09:11:21 - Loading required files
2025-10-27 09:11:21 - Required files loaded successfully
2025-10-27 09:11:21 - MpesaService loaded successfully
2025-10-27 09:11:21 - User ID: 1
2025-10-27 09:11:21 - User orders: 8, Events: 3
2025-10-27 09:11:21 - Rendering dashboard page
2025-10-27 09:11:27 - === DASHBOARD ACCESSED ===
2025-10-27 09:11:27 - Loading required files
2025-10-27 09:11:27 - Required files loaded successfully
2025-10-27 09:11:27 - MpesaService loaded successfully
2025-10-27 09:11:27 - User ID: 1
2025-10-27 09:11:27 - User orders: 8, Events: 3
2025-10-27 09:11:27 - Rendering dashboard page
2025-10-27 09:11:34 - === DASHBOARD ACCESSED ===
2025-10-27 09:11:34 - Loading required files
2025-10-27 09:11:34 - Required files loaded successfully
2025-10-27 09:11:34 - MpesaService loaded successfully
2025-10-27 09:11:34 - User ID: 1
2025-10-27 09:11:34 - User orders: 8, Events: 3
2025-10-27 09:11:34 - Rendering dashboard page
2025-10-27 09:11:38 - === DASHBOARD ACCESSED ===
2025-10-27 09:11:38 - Loading required files
2025-10-27 09:11:38 - Required files loaded successfully
2025-10-27 09:11:38 - MpesaService loaded successfully
2025-10-27 09:11:38 - User ID: 1
2025-10-27 09:11:38 - User orders: 8, Events: 3
2025-10-27 09:11:38 - Rendering dashboard page
2025-10-27 09:11:44 - === DASHBOARD ACCESSED ===
2025-10-27 09:11:44 - Loading required files
2025-10-27 09:11:44 - Required files loaded successfully
2025-10-27 09:11:44 - MpesaService loaded successfully
2025-10-27 09:11:44 - User ID: 1
2025-10-27 09:11:44 - User orders: 8, Events: 3
2025-10-27 09:11:44 - Rendering dashboard page
2025-10-27 09:11:51 - === DASHBOARD ACCESSED ===
2025-10-27 09:11:51 - Loading required files
2025-10-27 09:11:51 - Required files loaded successfully
2025-10-27 09:11:51 - MpesaService loaded successfully
2025-10-27 09:11:51 - User ID: 1
2025-10-27 09:11:51 - User orders: 8, Events: 3
2025-10-27 09:11:51 - Rendering dashboard page
2025-10-27 09:11:57 - === DASHBOARD ACCESSED ===
2025-10-27 09:11:57 - Loading required files
2025-10-27 09:11:57 - Required files loaded successfully
2025-10-27 09:11:57 - MpesaService loaded successfully
2025-10-27 09:11:57 - User ID: 1
2025-10-27 09:11:57 - User orders: 8, Events: 3
2025-10-27 09:11:57 - Rendering dashboard page
2025-10-27 09:12:04 - === DASHBOARD ACCESSED ===
2025-10-27 09:12:04 - Loading required files
2025-10-27 09:12:04 - Required files loaded successfully
2025-10-27 09:12:04 - MpesaService loaded successfully
2025-10-27 09:12:04 - User ID: 1
2025-10-27 09:12:04 - User orders: 8, Events: 3
2025-10-27 09:12:04 - Rendering dashboard page
2025-10-27 09:12:08 - === DASHBOARD ACCESSED ===
2025-10-27 09:12:08 - Loading required files
2025-10-27 09:12:08 - Required files loaded successfully
2025-10-27 09:12:08 - MpesaService loaded successfully
2025-10-27 09:12:08 - User ID: 1
2025-10-27 09:12:08 - User orders: 8, Events: 3
2025-10-27 09:12:08 - Rendering dashboard page
2025-10-27 09:12:14 - === DASHBOARD ACCESSED ===
2025-10-27 09:12:14 - Loading required files
2025-10-27 09:12:14 - Required files loaded successfully
2025-10-27 09:12:14 - MpesaService loaded successfully
2025-10-27 09:12:14 - User ID: 1
2025-10-27 09:12:14 - User orders: 8, Events: 3
2025-10-27 09:12:14 - Rendering dashboard page
2025-10-27 09:12:21 - === DASHBOARD ACCESSED ===
2025-10-27 09:12:21 - Loading required files
2025-10-27 09:12:21 - Required files loaded successfully
2025-10-27 09:12:21 - MpesaService loaded successfully
2025-10-27 09:12:21 - User ID: 1
2025-10-27 09:12:21 - User orders: 8, Events: 3
2025-10-27 09:12:21 - Rendering dashboard page
2025-10-27 09:12:27 - === DASHBOARD ACCESSED ===
2025-10-27 09:12:27 - Loading required files
2025-10-27 09:12:27 - Required files loaded successfully
2025-10-27 09:12:27 - MpesaService loaded successfully
2025-10-27 09:12:27 - User ID: 1
2025-10-27 09:12:27 - User orders: 8, Events: 3
2025-10-27 09:12:27 - Rendering dashboard page
2025-10-27 09:12:34 - === DASHBOARD ACCESSED ===
2025-10-27 09:12:34 - Loading required files
2025-10-27 09:12:34 - Required files loaded successfully
2025-10-27 09:12:34 - MpesaService loaded successfully
2025-10-27 09:12:34 - User ID: 1
2025-10-27 09:12:34 - User orders: 8, Events: 3
2025-10-27 09:12:34 - Rendering dashboard page
2025-10-27 09:12:38 - === DASHBOARD ACCESSED ===
2025-10-27 09:12:38 - Loading required files
2025-10-27 09:12:38 - Required files loaded successfully
2025-10-27 09:12:38 - MpesaService loaded successfully
2025-10-27 09:12:38 - User ID: 1
2025-10-27 09:12:38 - User orders: 8, Events: 3
2025-10-27 09:12:38 - Rendering dashboard page
2025-10-27 09:12:44 - === DASHBOARD ACCESSED ===
2025-10-27 09:12:44 - Loading required files
2025-10-27 09:12:44 - Required files loaded successfully
2025-10-27 09:12:44 - MpesaService loaded successfully
2025-10-27 09:12:44 - User ID: 1
2025-10-27 09:12:44 - User orders: 8, Events: 3
2025-10-27 09:12:44 - Rendering dashboard page
2025-10-27 09:12:51 - === DASHBOARD ACCESSED ===
2025-10-27 09:12:51 - Loading required files
2025-10-27 09:12:51 - Required files loaded successfully
2025-10-27 09:12:51 - MpesaService loaded successfully
2025-10-27 09:12:51 - User ID: 1
2025-10-27 09:12:51 - User orders: 8, Events: 3
2025-10-27 09:12:51 - Rendering dashboard page
2025-10-27 09:12:57 - === DASHBOARD ACCESSED ===
2025-10-27 09:12:57 - Loading required files
2025-10-27 09:12:57 - Required files loaded successfully
2025-10-27 09:12:57 - MpesaService loaded successfully
2025-10-27 09:12:57 - User ID: 1
2025-10-27 09:12:57 - User orders: 8, Events: 3
2025-10-27 09:12:57 - Rendering dashboard page
2025-10-27 09:13:04 - === DASHBOARD ACCESSED ===
2025-10-27 09:13:04 - Loading required files
2025-10-27 09:13:04 - Required files loaded successfully
2025-10-27 09:13:04 - MpesaService loaded successfully
2025-10-27 09:13:04 - User ID: 1
2025-10-27 09:13:04 - User orders: 8, Events: 3
2025-10-27 09:13:04 - Rendering dashboard page
2025-10-27 09:13:08 - === DASHBOARD ACCESSED ===
2025-10-27 09:13:08 - Loading required files
2025-10-27 09:13:08 - Required files loaded successfully
2025-10-27 09:13:08 - MpesaService loaded successfully
2025-10-27 09:13:08 - User ID: 1
2025-10-27 09:13:08 - User orders: 8, Events: 3
2025-10-27 09:13:08 - Rendering dashboard page
2025-10-27 09:13:14 - === DASHBOARD ACCESSED ===
2025-10-27 09:13:14 - Loading required files
2025-10-27 09:13:14 - Required files loaded successfully
2025-10-27 09:13:14 - MpesaService loaded successfully
2025-10-27 09:13:14 - User ID: 1
2025-10-27 09:13:14 - User orders: 8, Events: 3
2025-10-27 09:13:14 - Rendering dashboard page
2025-10-27 09:13:21 - === DASHBOARD ACCESSED ===
2025-10-27 09:13:21 - Loading required files
2025-10-27 09:13:21 - Required files loaded successfully
2025-10-27 09:13:21 - MpesaService loaded successfully
2025-10-27 09:13:21 - User ID: 1
2025-10-27 09:13:21 - User orders: 8, Events: 3
2025-10-27 09:13:21 - Rendering dashboard page
2025-10-27 09:13:24 - === DASHBOARD ACCESSED ===
2025-10-27 09:13:24 - Loading required files
2025-10-27 09:13:24 - Required files loaded successfully
2025-10-27 09:13:24 - MpesaService loaded successfully
2025-10-27 09:13:25 - User ID: 1
2025-10-27 09:13:25 - User orders: 8, Events: 3
2025-10-27 09:13:25 - Rendering dashboard page
2025-10-27 09:32:25 - === DASHBOARD ACCESSED ===
2025-10-27 09:32:25 - Loading required files
2025-10-27 09:32:25 - Required files loaded successfully
2025-10-27 09:32:25 - MpesaService loaded successfully
2025-10-27 09:32:25 - User ID: 1
2025-10-27 09:32:25 - User orders: 8, Events: 3
2025-10-27 09:32:25 - Rendering dashboard page
2025-10-27 09:32:33 - === DASHBOARD ACCESSED ===
2025-10-27 09:32:33 - Loading required files
2025-10-27 09:32:33 - Required files loaded successfully
2025-10-27 09:32:33 - MpesaService loaded successfully
2025-10-27 09:32:33 - User ID: 1
2025-10-27 09:32:33 - User orders: 8, Events: 3
2025-10-27 09:32:33 - Rendering dashboard page
2025-10-27 09:32:36 - === DASHBOARD ACCESSED ===
2025-10-27 09:32:36 - Loading required files
2025-10-27 09:32:36 - Required files loaded successfully
2025-10-27 09:32:36 - MpesaService loaded successfully
2025-10-27 09:32:36 - User ID: 1
2025-10-27 09:32:36 - User orders: 8, Events: 3
2025-10-27 09:32:37 - Rendering dashboard page
2025-10-27 09:32:42 - === DASHBOARD ACCESSED ===
2025-10-27 09:32:42 - Loading required files
2025-10-27 09:32:42 - Required files loaded successfully
2025-10-27 09:32:42 - MpesaService loaded successfully
2025-10-27 09:32:42 - User ID: 1
2025-10-27 09:32:42 - User orders: 8, Events: 3
2025-10-27 09:32:42 - Rendering dashboard page
2025-10-27 09:32:48 - === DASHBOARD ACCESSED ===
2025-10-27 09:32:48 - Loading required files
2025-10-27 09:32:48 - Required files loaded successfully
2025-10-27 09:32:48 - MpesaService loaded successfully
2025-10-27 09:32:48 - User ID: 1
2025-10-27 09:32:48 - User orders: 8, Events: 3
2025-10-27 09:32:48 - Rendering dashboard page
2025-10-27 09:32:55 - === DASHBOARD ACCESSED ===
2025-10-27 09:32:55 - Loading required files
2025-10-27 09:32:55 - Required files loaded successfully
2025-10-27 09:32:55 - MpesaService loaded successfully
2025-10-27 09:32:55 - User ID: 1
2025-10-27 09:32:55 - User orders: 8, Events: 3
2025-10-27 09:32:55 - Rendering dashboard page
2025-10-27 09:33:01 - === DASHBOARD ACCESSED ===
2025-10-27 09:33:01 - Loading required files
2025-10-27 09:33:01 - Required files loaded successfully
2025-10-27 09:33:01 - MpesaService loaded successfully
2025-10-27 09:33:01 - User ID: 1
2025-10-27 09:33:01 - User orders: 8, Events: 3
2025-10-27 09:33:01 - Rendering dashboard page
2025-10-27 09:33:08 - === DASHBOARD ACCESSED ===
2025-10-27 09:33:08 - Loading required files
2025-10-27 09:33:08 - Required files loaded successfully
2025-10-27 09:33:08 - MpesaService loaded successfully
2025-10-27 09:33:08 - User ID: 1
2025-10-27 09:33:08 - User orders: 8, Events: 3
2025-10-27 09:33:06 - Rendering dashboard page
2025-10-27 09:33:13 - === DASHBOARD ACCESSED ===
2025-10-27 09:33:13 - Loading required files
2025-10-27 09:33:13 - Required files loaded successfully
2025-10-27 09:33:13 - MpesaService loaded successfully
2025-10-27 09:33:13 - User ID: 1
2025-10-27 09:33:13 - User orders: 8, Events: 3
2025-10-27 09:33:13 - Rendering dashboard page
2025-10-27 09:33:19 - === DASHBOARD ACCESSED ===
2025-10-27 09:33:19 - Loading required files
2025-10-27 09:33:19 - Required files loaded successfully
2025-10-27 09:33:19 - MpesaService loaded successfully
2025-10-27 09:33:19 - User ID: 1
2025-10-27 09:33:19 - User orders: 8, Events: 3
2025-10-27 09:33:20 - Rendering dashboard page
2025-10-27 09:33:26 - === DASHBOARD ACCESSED ===
2025-10-27 09:33:26 - Loading required files
2025-10-27 09:33:26 - Required files loaded successfully
2025-10-27 09:33:26 - MpesaService loaded successfully
2025-10-27 09:33:26 - User ID: 1
2025-10-27 09:33:26 - User orders: 8, Events: 3
2025-10-27 09:33:26 - Rendering dashboard page
2025-10-27 09:33:32 - === DASHBOARD ACCESSED ===
2025-10-27 09:33:32 - Loading required files
2025-10-27 09:33:32 - Required files loaded successfully
2025-10-27 09:33:32 - MpesaService loaded successfully
2025-10-27 09:33:32 - User ID: 1
2025-10-27 09:33:32 - User orders: 8, Events: 3
2025-10-27 09:33:32 - Rendering dashboard page
2025-10-27 09:33:36 - === DASHBOARD ACCESSED ===
2025-10-27 09:33:36 - Loading required files
2025-10-27 09:33:36 - Required files loaded successfully
2025-10-27 09:33:36 - MpesaService loaded successfully
2025-10-27 09:33:36 - User ID: 1
2025-10-27 09:33:36 - User orders: 8, Events: 3
2025-10-27 09:33:36 - Rendering dashboard page
2025-10-27 09:33:43 - === DASHBOARD ACCESSED ===
2025-10-27 09:33:43 - Loading required files
2025-10-27 09:33:43 - Required files loaded successfully
2025-10-27 09:33:43 - MpesaService loaded successfully
2025-10-27 09:33:43 - User ID: 1
2025-10-27 09:33:43 - User orders: 8, Events: 3
2025-10-27 09:33:43 - Rendering dashboard page
2025-10-27 09:33:49 - === DASHBOARD ACCESSED ===
2025-10-27 09:33:49 - Loading required files
2025-10-27 09:33:49 - Required files loaded successfully
2025-10-27 09:33:49 - MpesaService loaded successfully
2025-10-27 09:33:49 - User ID: 1
2025-10-27 09:33:49 - User orders: 8, Events: 3
2025-10-27 09:33:49 - Rendering dashboard page
2025-10-27 09:33:56 - === DASHBOARD ACCESSED ===
2025-10-27 09:33:56 - Loading required files
2025-10-27 09:33:56 - Required files loaded successfully
2025-10-27 09:33:56 - MpesaService loaded successfully
2025-10-27 09:33:56 - User ID: 1
2025-10-27 09:33:56 - User orders: 8, Events: 3
2025-10-27 09:33:56 - Rendering dashboard page
2025-10-27 09:34:02 - === DASHBOARD ACCESSED ===
2025-10-27 09:34:02 - Loading required files
2025-10-27 09:34:02 - Required files loaded successfully
2025-10-27 09:34:02 - MpesaService loaded successfully
2025-10-27 09:34:02 - User ID: 1
2025-10-27 09:34:02 - User orders: 8, Events: 3
2025-10-27 09:34:02 - Rendering dashboard page
2025-10-27 09:34:08 - === DASHBOARD ACCESSED ===
2025-10-27 09:34:08 - Loading required files
2025-10-27 09:34:08 - Required files loaded successfully
2025-10-27 09:34:08 - MpesaService loaded successfully
2025-10-27 09:34:08 - User ID: 1
2025-10-27 09:34:08 - User orders: 8, Events: 3
2025-10-27 09:34:08 - Rendering dashboard page
2025-10-27 09:34:12 - === DASHBOARD ACCESSED ===
2025-10-27 09:34:12 - Loading required files
2025-10-27 09:34:12 - Required files loaded successfully
2025-10-27 09:34:12 - MpesaService loaded successfully
2025-10-27 09:34:12 - User ID: 1
2025-10-27 09:34:12 - User orders: 8, Events: 3
2025-10-27 09:34:12 - Rendering dashboard page
2025-10-27 09:34:18 - === DASHBOARD ACCESSED ===
2025-10-27 09:34:18 - Loading required files
2025-10-27 09:34:18 - Required files loaded successfully
2025-10-27 09:34:18 - MpesaService loaded successfully
2025-10-27 09:34:18 - User ID: 1
2025-10-27 09:34:18 - User orders: 8, Events: 3
2025-10-27 09:34:18 - Rendering dashboard page
2025-10-27 09:34:24 - === DASHBOARD ACCESSED ===
2025-10-27 09:34:24 - Loading required files
2025-10-27 09:34:24 - Required files loaded successfully
2025-10-27 09:34:24 - MpesaService loaded successfully
2025-10-27 09:34:24 - User ID: 1
2025-10-27 09:34:24 - User orders: 8, Events: 3
2025-10-27 09:34:24 - Rendering dashboard page
2025-10-27 09:34:29 - === DASHBOARD ACCESSED ===
2025-10-27 09:34:29 - Loading required files
2025-10-27 09:34:29 - Required files loaded successfully
2025-10-27 09:34:29 - MpesaService loaded successfully
2025-10-27 09:34:29 - User ID: 1
2025-10-27 09:34:29 - User orders: 8, Events: 3
2025-10-27 09:34:29 - Rendering dashboard page
2025-10-27 09:34:35 - === DASHBOARD ACCESSED ===
2025-10-27 09:34:35 - Loading required files
2025-10-27 09:34:35 - Required files loaded successfully
2025-10-27 09:34:35 - MpesaService loaded successfully
2025-10-27 09:34:35 - User ID: 1
2025-10-27 09:34:35 - User orders: 8, Events: 3
2025-10-27 09:34:35 - Rendering dashboard page
2025-10-27 09:34:39 - === DASHBOARD ACCESSED ===
2025-10-27 09:34:39 - Loading required files
2025-10-27 09:34:39 - Required files loaded successfully
2025-10-27 09:34:39 - MpesaService loaded successfully
2025-10-27 09:34:39 - User ID: 1
2025-10-27 09:34:39 - User orders: 8, Events: 3
2025-10-27 09:34:39 - Rendering dashboard page
2025-10-27 09:34:45 - === DASHBOARD ACCESSED ===
2025-10-27 09:34:45 - Loading required files
2025-10-27 09:34:45 - Required files loaded successfully
2025-10-27 09:34:45 - MpesaService loaded successfully
2025-10-27 09:34:45 - User ID: 1
2025-10-27 09:34:45 - User orders: 8, Events: 3
2025-10-27 09:34:45 - Rendering dashboard page
2025-10-27 09:34:52 - === DASHBOARD ACCESSED ===
2025-10-27 09:34:52 - Loading required files
2025-10-27 09:34:52 - Required files loaded successfully
2025-10-27 09:34:52 - MpesaService loaded successfully
2025-10-27 09:34:52 - User ID: 1
2025-10-27 09:34:52 - User orders: 8, Events: 3
2025-10-27 09:34:52 - Rendering dashboard page
2025-10-27 09:34:58 - === DASHBOARD ACCESSED ===
2025-10-27 09:34:58 - Loading required files
2025-10-27 09:34:58 - Required files loaded successfully
2025-10-27 09:34:58 - MpesaService loaded successfully
2025-10-27 09:34:58 - User ID: 1
2025-10-27 09:34:58 - User orders: 8, Events: 3
2025-10-27 09:34:58 - Rendering dashboard page
2025-10-27 09:35:05 - === DASHBOARD ACCESSED ===
2025-10-27 09:35:05 - Loading required files
2025-10-27 09:35:05 - Required files loaded successfully
2025-10-27 09:35:05 - MpesaService loaded successfully
2025-10-27 09:35:05 - User ID: 1
2025-10-27 09:35:05 - User orders: 8, Events: 3
2025-10-27 09:35:05 - Rendering dashboard page
2025-10-27 09:35:09 - === DASHBOARD ACCESSED ===
2025-10-27 09:35:09 - Loading required files
2025-10-27 09:35:09 - Required files loaded successfully
2025-10-27 09:35:09 - MpesaService loaded successfully
2025-10-27 09:35:09 - User ID: 1
2025-10-27 09:35:09 - User orders: 8, Events: 3
2025-10-27 09:35:09 - Rendering dashboard page
2025-10-27 09:35:15 - === DASHBOARD ACCESSED ===
2025-10-27 09:35:15 - Loading required files
2025-10-27 09:35:15 - Required files loaded successfully
2025-10-27 09:35:15 - MpesaService loaded successfully
2025-10-27 09:35:15 - User ID: 1
2025-10-27 09:35:15 - User orders: 8, Events: 3
2025-10-27 09:35:15 - Rendering dashboard page
2025-10-27 09:35:21 - === DASHBOARD ACCESSED ===
2025-10-27 09:35:21 - Loading required files
2025-10-27 09:35:22 - Required files loaded successfully
2025-10-27 09:35:22 - MpesaService loaded successfully
2025-10-27 09:35:22 - User ID: 1
2025-10-27 09:35:22 - User orders: 8, Events: 3
2025-10-27 09:35:22 - Rendering dashboard page
2025-10-27 09:35:28 - === DASHBOARD ACCESSED ===
2025-10-27 09:35:28 - Loading required files
2025-10-27 09:35:28 - Required files loaded successfully
2025-10-27 09:35:28 - MpesaService loaded successfully
2025-10-27 09:35:28 - User ID: 1
2025-10-27 09:35:28 - User orders: 8, Events: 3
2025-10-27 09:35:28 - Rendering dashboard page
2025-10-27 09:35:34 - === DASHBOARD ACCESSED ===
2025-10-27 09:35:34 - Loading required files
2025-10-27 09:35:34 - Required files loaded successfully
2025-10-27 09:35:34 - MpesaService loaded successfully
2025-10-27 09:35:35 - User ID: 1
2025-10-27 09:35:35 - User orders: 8, Events: 3
2025-10-27 09:35:35 - Rendering dashboard page
2025-10-27 09:35:39 - === DASHBOARD ACCESSED ===
2025-10-27 09:35:39 - Loading required files
2025-10-27 09:35:39 - Required files loaded successfully
2025-10-27 09:35:39 - MpesaService loaded successfully
2025-10-27 09:35:39 - User ID: 1
2025-10-27 09:35:39 - User orders: 8, Events: 3
2025-10-27 09:35:39 - Rendering dashboard page
2025-10-27 09:35:45 - === DASHBOARD ACCESSED ===
2025-10-27 09:35:45 - Loading required files
2025-10-27 09:35:45 - Required files loaded successfully
2025-10-27 09:35:45 - MpesaService loaded successfully
2025-10-27 09:35:45 - User ID: 1
2025-10-27 09:35:45 - User orders: 8, Events: 3
2025-10-27 09:35:45 - Rendering dashboard page
2025-10-27 09:35:52 - === DASHBOARD ACCESSED ===
2025-10-27 09:35:52 - Loading required files
2025-10-27 09:35:52 - Required files loaded successfully
2025-10-27 09:35:52 - MpesaService loaded successfully
2025-10-27 09:35:52 - User ID: 1
2025-10-27 09:35:52 - User orders: 8, Events: 3
2025-10-27 09:35:52 - Rendering dashboard page
2025-10-27 09:35:58 - === DASHBOARD ACCESSED ===
2025-10-27 09:35:58 - Loading required files
2025-10-27 09:35:58 - Required files loaded successfully
2025-10-27 09:35:58 - MpesaService loaded successfully
2025-10-27 09:35:58 - User ID: 1
2025-10-27 09:35:58 - User orders: 8, Events: 3
2025-10-27 09:35:58 - Rendering dashboard page
2025-10-27 09:36:05 - === DASHBOARD ACCESSED ===
2025-10-27 09:36:05 - Loading required files
2025-10-27 09:36:05 - Required files loaded successfully
2025-10-27 09:36:05 - MpesaService loaded successfully
2025-10-27 09:36:05 - User ID: 1
2025-10-27 09:36:05 - User orders: 8, Events: 3
2025-10-27 09:36:05 - Rendering dashboard page
2025-10-27 09:36:09 - === DASHBOARD ACCESSED ===
2025-10-27 09:36:09 - Loading required files
2025-10-27 09:36:09 - Required files loaded successfully
2025-10-27 09:36:09 - MpesaService loaded successfully
2025-10-27 09:36:09 - User ID: 1
2025-10-27 09:36:09 - User orders: 8, Events: 3
2025-10-27 09:36:09 - Rendering dashboard page
2025-10-27 09:36:15 - === DASHBOARD ACCESSED ===
2025-10-27 09:36:15 - Loading required files
2025-10-27 09:36:15 - Required files loaded successfully
2025-10-27 09:36:15 - MpesaService loaded successfully
2025-10-27 09:36:15 - User ID: 1
2025-10-27 09:36:15 - User orders: 8, Events: 3
2025-10-27 09:36:15 - Rendering dashboard page
2025-10-27 09:36:21 - === DASHBOARD ACCESSED ===
2025-10-27 09:36:21 - Loading required files
2025-10-27 09:36:22 - Required files loaded successfully
2025-10-27 09:36:22 - MpesaService loaded successfully
2025-10-27 09:36:22 - User ID: 1
2025-10-27 09:36:22 - User orders: 8, Events: 3
2025-10-27 09:36:22 - Rendering dashboard page
2025-10-27 09:36:28 - === DASHBOARD ACCESSED ===
2025-10-27 09:36:28 - Loading required files
2025-10-27 09:36:28 - Required files loaded successfully
2025-10-27 09:36:28 - MpesaService loaded successfully
2025-10-27 09:36:28 - User ID: 1
2025-10-27 09:36:28 - User orders: 8, Events: 3
2025-10-27 09:36:28 - Rendering dashboard page
2025-10-27 09:36:34 - === DASHBOARD ACCESSED ===
2025-10-27 09:36:34 - Loading required files
2025-10-27 09:36:34 - Required files loaded successfully
2025-10-27 09:36:35 - MpesaService loaded successfully
2025-10-27 09:36:35 - User ID: 1
2025-10-27 09:36:35 - User orders: 8, Events: 3
2025-10-27 09:36:35 - Rendering dashboard page
2025-10-27 09:36:39 - === DASHBOARD ACCESSED ===
2025-10-27 09:36:39 - Loading required files
2025-10-27 09:36:39 - Required files loaded successfully
2025-10-27 09:36:39 - MpesaService loaded successfully
2025-10-27 09:36:39 - User ID: 1
2025-10-27 09:36:39 - User orders: 8, Events: 3
2025-10-27 09:36:39 - Rendering dashboard page
2025-10-27 09:36:45 - === DASHBOARD ACCESSED ===
2025-10-27 09:36:45 - Loading required files
2025-10-27 09:36:45 - Required files loaded successfully
2025-10-27 09:36:45 - MpesaService loaded successfully
2025-10-27 09:36:45 - User ID: 1
2025-10-27 09:36:45 - User orders: 8, Events: 3
2025-10-27 09:36:45 - Rendering dashboard page
2025-10-27 09:36:52 - === DASHBOARD ACCESSED ===
2025-10-27 09:36:52 - Loading required files
2025-10-27 09:36:52 - Required files loaded successfully
2025-10-27 09:36:52 - MpesaService loaded successfully
2025-10-27 09:36:52 - User ID: 1
2025-10-27 09:36:52 - User orders: 8, Events: 3
2025-10-27 09:36:52 - Rendering dashboard page
2025-10-27 09:36:58 - === DASHBOARD ACCESSED ===
2025-10-27 09:36:58 - Loading required files
2025-10-27 09:36:58 - Required files loaded successfully
2025-10-27 09:36:58 - MpesaService loaded successfully
2025-10-27 09:36:58 - User ID: 1
2025-10-27 09:36:58 - User orders: 8, Events: 3
2025-10-27 09:36:58 - Rendering dashboard page
2025-10-27 09:37:05 - === DASHBOARD ACCESSED ===
2025-10-27 09:37:05 - Loading required files
2025-10-27 09:37:05 - Required files loaded successfully
2025-10-27 09:37:05 - MpesaService loaded successfully
2025-10-27 09:37:05 - User ID: 1
2025-10-27 09:37:05 - User orders: 8, Events: 3
2025-10-27 09:37:05 - Rendering dashboard page
2025-10-27 09:37:09 - === DASHBOARD ACCESSED ===
2025-10-27 09:37:09 - Loading required files
2025-10-27 09:37:09 - Required files loaded successfully
2025-10-27 09:37:09 - MpesaService loaded successfully
2025-10-27 09:37:09 - User ID: 1
2025-10-27 09:37:09 - User orders: 8, Events: 3
2025-10-27 09:37:09 - Rendering dashboard page
2025-10-27 09:37:15 - === DASHBOARD ACCESSED ===
2025-10-27 09:37:15 - Loading required files
2025-10-27 09:37:15 - Required files loaded successfully
2025-10-27 09:37:15 - MpesaService loaded successfully
2025-10-27 09:37:15 - User ID: 1
2025-10-27 09:37:15 - User orders: 8, Events: 3
2025-10-27 09:37:15 - Rendering dashboard page
2025-10-27 09:37:22 - === DASHBOARD ACCESSED ===
2025-10-27 09:37:22 - Loading required files
2025-10-27 09:37:22 - Required files loaded successfully
2025-10-27 09:37:22 - MpesaService loaded successfully
2025-10-27 09:37:22 - User ID: 1
2025-10-27 09:37:22 - User orders: 8, Events: 3
2025-10-27 09:37:22 - Rendering dashboard page
2025-10-27 09:37:28 - === DASHBOARD ACCESSED ===
2025-10-27 09:37:28 - Loading required files
2025-10-27 09:37:28 - Required files loaded successfully
2025-10-27 09:37:28 - MpesaService loaded successfully
2025-10-27 09:37:28 - User ID: 1
2025-10-27 09:37:28 - User orders: 8, Events: 3
2025-10-27 09:37:28 - Rendering dashboard page
2025-10-27 09:37:35 - === DASHBOARD ACCESSED ===
2025-10-27 09:37:35 - Loading required files
2025-10-27 09:37:35 - Required files loaded successfully
2025-10-27 09:37:35 - MpesaService loaded successfully
2025-10-27 09:37:35 - User ID: 1
2025-10-27 09:37:35 - User orders: 8, Events: 3
2025-10-27 09:37:35 - Rendering dashboard page
2025-10-27 09:37:39 - === DASHBOARD ACCESSED ===
2025-10-27 09:37:39 - Loading required files
2025-10-27 09:37:39 - Required files loaded successfully
2025-10-27 09:37:39 - MpesaService loaded successfully
2025-10-27 09:37:39 - User ID: 1
2025-10-27 09:37:39 - User orders: 8, Events: 3
2025-10-27 09:37:39 - Rendering dashboard page
2025-10-27 09:39:08 - === DASHBOARD ACCESSED ===
2025-10-27 09:39:08 - Loading required files
2025-10-27 09:39:08 - Required files loaded successfully
2025-10-27 09:39:08 - MpesaService loaded successfully
2025-10-27 09:39:08 - User ID: 1
2025-10-27 09:39:08 - User orders: 8, Events: 3
2025-10-27 09:39:08 - Rendering dashboard page
2025-10-27 09:39:14 - === DASHBOARD ACCESSED ===
2025-10-27 09:39:14 - Loading required files
2025-10-27 09:39:14 - Required files loaded successfully
2025-10-27 09:39:14 - MpesaService loaded successfully
2025-10-27 09:39:14 - User ID: 1
2025-10-27 09:39:14 - User orders: 8, Events: 3
2025-10-27 09:39:14 - Rendering dashboard page
2025-10-27 09:39:19 - === DASHBOARD ACCESSED ===
2025-10-27 09:39:19 - Loading required files
2025-10-27 09:39:19 - Required files loaded successfully
2025-10-27 09:39:19 - MpesaService loaded successfully
2025-10-27 09:39:19 - User ID: 1
2025-10-27 09:39:19 - User orders: 8, Events: 3
2025-10-27 09:39:20 - Rendering dashboard page
2025-10-27 09:39:25 - === DASHBOARD ACCESSED ===
2025-10-27 09:39:25 - Loading required files
2025-10-27 09:39:25 - Required files loaded successfully
2025-10-27 09:39:25 - MpesaService loaded successfully
2025-10-27 09:39:25 - User ID: 1
2025-10-27 09:39:25 - User orders: 8, Events: 3
2025-10-27 09:39:25 - Rendering dashboard page
2025-10-27 09:39:31 - === DASHBOARD ACCESSED ===
2025-10-27 09:39:31 - Loading required files
2025-10-27 09:39:31 - Required files loaded successfully
2025-10-27 09:39:31 - MpesaService loaded successfully
2025-10-27 09:39:31 - User ID: 1
2025-10-27 09:39:31 - User orders: 8, Events: 3
2025-10-27 09:39:31 - Rendering dashboard page
2025-10-27 09:39:36 - === DASHBOARD ACCESSED ===
2025-10-27 09:39:36 - Loading required files
2025-10-27 09:39:36 - Required files loaded successfully
2025-10-27 09:39:36 - MpesaService loaded successfully
2025-10-27 09:39:36 - User ID: 1
2025-10-27 09:39:37 - User orders: 8, Events: 3
2025-10-27 09:39:37 - Rendering dashboard page
2025-10-27 09:39:40 - === DASHBOARD ACCESSED ===
2025-10-27 09:39:40 - Loading required files
2025-10-27 09:39:40 - Required files loaded successfully
2025-10-27 09:39:40 - MpesaService loaded successfully
2025-10-27 09:39:40 - User ID: 1
2025-10-27 09:39:40 - User orders: 8, Events: 3
2025-10-27 09:39:40 - Rendering dashboard page
2025-10-27 09:39:46 - === DASHBOARD ACCESSED ===
2025-10-27 09:39:46 - Loading required files
2025-10-27 09:39:46 - Required files loaded successfully
2025-10-27 09:39:46 - MpesaService loaded successfully
2025-10-27 09:39:46 - User ID: 1
2025-10-27 09:39:46 - User orders: 8, Events: 3
2025-10-27 09:39:46 - Rendering dashboard page
2025-10-27 09:39:53 - === DASHBOARD ACCESSED ===
2025-10-27 09:39:53 - Loading required files
2025-10-27 09:39:53 - Required files loaded successfully
2025-10-27 09:39:53 - MpesaService loaded successfully
2025-10-27 09:39:53 - User ID: 1
2025-10-27 09:39:53 - User orders: 8, Events: 3
2025-10-27 09:39:53 - Rendering dashboard page
2025-10-27 09:39:59 - === DASHBOARD ACCESSED ===
2025-10-27 09:39:59 - Loading required files
2025-10-27 09:39:59 - Required files loaded successfully
2025-10-27 09:39:59 - MpesaService loaded successfully
2025-10-27 09:39:59 - User ID: 1
2025-10-27 09:39:59 - User orders: 8, Events: 3
2025-10-27 09:39:59 - Rendering dashboard page
2025-10-27 09:40:06 - === DASHBOARD ACCESSED ===
2025-10-27 09:40:06 - Loading required files
2025-10-27 09:40:06 - Required files loaded successfully
2025-10-27 09:40:06 - MpesaService loaded successfully
2025-10-27 09:40:06 - User ID: 1
2025-10-27 09:40:06 - User orders: 8, Events: 3
2025-10-27 09:40:06 - Rendering dashboard page
2025-10-27 09:40:10 - === DASHBOARD ACCESSED ===
2025-10-27 09:40:10 - Loading required files
2025-10-27 09:40:10 - Required files loaded successfully
2025-10-27 09:40:10 - MpesaService loaded successfully
2025-10-27 09:40:10 - User ID: 1
2025-10-27 09:40:10 - User orders: 8, Events: 3
2025-10-27 09:40:10 - Rendering dashboard page
2025-10-27 09:40:16 - === DASHBOARD ACCESSED ===
2025-10-27 09:40:16 - Loading required files
2025-10-27 09:40:16 - Required files loaded successfully
2025-10-27 09:40:16 - MpesaService loaded successfully
2025-10-27 09:40:16 - User ID: 1
2025-10-27 09:40:16 - User orders: 8, Events: 3
2025-10-27 09:40:16 - Rendering dashboard page
2025-10-27 09:40:23 - === DASHBOARD ACCESSED ===
2025-10-27 09:40:23 - Loading required files
2025-10-27 09:40:23 - Required files loaded successfully
2025-10-27 09:40:23 - MpesaService loaded successfully
2025-10-27 09:40:23 - User ID: 1
2025-10-27 09:40:23 - User orders: 8, Events: 3
2025-10-27 09:40:23 - Rendering dashboard page
2025-10-27 09:40:29 - === DASHBOARD ACCESSED ===
2025-10-27 09:40:29 - Loading required files
2025-10-27 09:40:29 - Required files loaded successfully
2025-10-27 09:40:29 - MpesaService loaded successfully
2025-10-27 09:40:29 - User ID: 1
2025-10-27 09:40:29 - User orders: 8, Events: 3
2025-10-27 09:40:29 - Rendering dashboard page
2025-10-27 09:40:36 - === DASHBOARD ACCESSED ===
2025-10-27 09:40:36 - Loading required files
2025-10-27 09:40:36 - Required files loaded successfully
2025-10-27 09:40:36 - MpesaService loaded successfully
2025-10-27 09:40:36 - User ID: 1
2025-10-27 09:40:36 - User orders: 8, Events: 3
2025-10-27 09:40:36 - Rendering dashboard page
2025-10-27 09:40:40 - === DASHBOARD ACCESSED ===
2025-10-27 09:40:40 - Loading required files
2025-10-27 09:40:40 - Required files loaded successfully
2025-10-27 09:40:40 - MpesaService loaded successfully
2025-10-27 09:40:40 - User ID: 1
2025-10-27 09:40:40 - User orders: 8, Events: 3
2025-10-27 09:40:40 - Rendering dashboard page
2025-10-27 09:40:46 - === DASHBOARD ACCESSED ===
2025-10-27 09:40:46 - Loading required files
2025-10-27 09:40:46 - Required files loaded successfully
2025-10-27 09:40:46 - MpesaService loaded successfully
2025-10-27 09:40:46 - User ID: 1
2025-10-27 09:40:46 - User orders: 8, Events: 3
2025-10-27 09:40:46 - Rendering dashboard page
2025-10-27 09:40:53 - === DASHBOARD ACCESSED ===
2025-10-27 09:40:53 - Loading required files
2025-10-27 09:40:53 - Required files loaded successfully
2025-10-27 09:40:53 - MpesaService loaded successfully
2025-10-27 09:40:53 - User ID: 1
2025-10-27 09:40:53 - User orders: 8, Events: 3
2025-10-27 09:40:53 - Rendering dashboard page
2025-10-27 09:40:59 - === DASHBOARD ACCESSED ===
2025-10-27 09:40:59 - Loading required files
2025-10-27 09:40:59 - Required files loaded successfully
2025-10-27 09:40:59 - MpesaService loaded successfully
2025-10-27 09:40:59 - User ID: 1
2025-10-27 09:40:59 - User orders: 8, Events: 3
2025-10-27 09:40:59 - Rendering dashboard page
2025-10-27 09:41:05 - === DASHBOARD ACCESSED ===
2025-10-27 09:41:05 - Loading required files
2025-10-27 09:41:05 - Required files loaded successfully
2025-10-27 09:41:05 - MpesaService loaded successfully
2025-10-27 09:41:05 - User ID: 1
2025-10-27 09:41:05 - User orders: 8, Events: 3
2025-10-27 09:41:05 - Rendering dashboard page
2025-10-27 09:41:09 - === DASHBOARD ACCESSED ===
2025-10-27 09:41:09 - Loading required files
2025-10-27 09:41:09 - Required files loaded successfully
2025-10-27 09:41:09 - MpesaService loaded successfully
2025-10-27 09:41:09 - User ID: 1
2025-10-27 09:41:09 - User orders: 8, Events: 3
2025-10-27 09:41:09 - Rendering dashboard page
2025-10-27 09:41:15 - === DASHBOARD ACCESSED ===
2025-10-27 09:41:15 - Loading required files
2025-10-27 09:41:15 - Required files loaded successfully
2025-10-27 09:41:15 - MpesaService loaded successfully
2025-10-27 09:41:15 - User ID: 1
2025-10-27 09:41:15 - User orders: 8, Events: 3
2025-10-27 09:41:15 - Rendering dashboard page
2025-10-27 09:41:22 - === DASHBOARD ACCESSED ===
2025-10-27 09:41:22 - Loading required files
2025-10-27 09:41:22 - Required files loaded successfully
2025-10-27 09:41:22 - MpesaService loaded successfully
2025-10-27 09:41:22 - User ID: 1
2025-10-27 09:41:22 - User orders: 8, Events: 3
2025-10-27 09:41:22 - Rendering dashboard page
2025-10-27 09:41:28 - === DASHBOARD ACCESSED ===
2025-10-27 09:41:28 - Loading required files
2025-10-27 09:41:28 - Required files loaded successfully
2025-10-27 09:41:28 - MpesaService loaded successfully
2025-10-27 09:41:28 - User ID: 1
2025-10-27 09:41:28 - User orders: 8, Events: 3
2025-10-27 09:41:28 - Rendering dashboard page
2025-10-27 09:41:35 - === DASHBOARD ACCESSED ===
2025-10-27 09:41:35 - Loading required files
2025-10-27 09:41:35 - Required files loaded successfully
2025-10-27 09:41:35 - MpesaService loaded successfully
2025-10-27 09:41:35 - User ID: 1
2025-10-27 09:41:35 - User orders: 8, Events: 3
2025-10-27 09:41:35 - Rendering dashboard page
2025-10-27 09:41:39 - === DASHBOARD ACCESSED ===
2025-10-27 09:41:39 - Loading required files
2025-10-27 09:41:39 - Required files loaded successfully
2025-10-27 09:41:39 - MpesaService loaded successfully
2025-10-27 09:41:39 - User ID: 1
2025-10-27 09:41:39 - User orders: 8, Events: 3
2025-10-27 09:41:39 - Rendering dashboard page
2025-10-27 09:41:45 - === DASHBOARD ACCESSED ===
2025-10-27 09:41:45 - Loading required files
2025-10-27 09:41:45 - Required files loaded successfully
2025-10-27 09:41:45 - MpesaService loaded successfully
2025-10-27 09:41:45 - User ID: 1
2025-10-27 09:41:45 - User orders: 8, Events: 3
2025-10-27 09:41:45 - Rendering dashboard page
2025-10-27 09:41:52 - === DASHBOARD ACCESSED ===
2025-10-27 09:41:52 - Loading required files
2025-10-27 09:41:52 - Required files loaded successfully
2025-10-27 09:41:52 - MpesaService loaded successfully
2025-10-27 09:41:52 - User ID: 1
2025-10-27 09:41:52 - User orders: 8, Events: 3
2025-10-27 09:41:52 - Rendering dashboard page
2025-10-27 09:41:58 - === DASHBOARD ACCESSED ===
2025-10-27 09:41:58 - Loading required files
2025-10-27 09:41:58 - Required files loaded successfully
2025-10-27 09:41:58 - MpesaService loaded successfully
2025-10-27 09:41:58 - User ID: 1
2025-10-27 09:41:58 - User orders: 8, Events: 3
2025-10-27 09:41:58 - Rendering dashboard page
2025-10-27 09:42:05 - === DASHBOARD ACCESSED ===
2025-10-27 09:42:05 - Loading required files
2025-10-27 09:42:05 - Required files loaded successfully
2025-10-27 09:42:05 - MpesaService loaded successfully
2025-10-27 09:42:05 - User ID: 1
2025-10-27 09:42:05 - User orders: 8, Events: 3
2025-10-27 09:42:05 - Rendering dashboard page
2025-10-27 09:42:09 - === DASHBOARD ACCESSED ===
2025-10-27 09:42:09 - Loading required files
2025-10-27 09:42:09 - Required files loaded successfully
2025-10-27 09:42:09 - MpesaService loaded successfully
2025-10-27 09:42:09 - User ID: 1
2025-10-27 09:42:09 - User orders: 8, Events: 3
2025-10-27 09:42:09 - Rendering dashboard page
2025-10-27 09:42:15 - === DASHBOARD ACCESSED ===
2025-10-27 09:42:15 - Loading required files
2025-10-27 09:42:15 - Required files loaded successfully
2025-10-27 09:42:15 - MpesaService loaded successfully
2025-10-27 09:42:15 - User ID: 1
2025-10-27 09:42:15 - User orders: 8, Events: 3
2025-10-27 09:42:15 - Rendering dashboard page
2025-10-27 09:42:22 - === DASHBOARD ACCESSED ===
2025-10-27 09:42:22 - Loading required files
2025-10-27 09:42:22 - Required files loaded successfully
2025-10-27 09:42:22 - MpesaService loaded successfully
2025-10-27 09:42:22 - User ID: 1
2025-10-27 09:42:22 - User orders: 8, Events: 3
2025-10-27 09:42:22 - Rendering dashboard page
2025-10-27 09:42:28 - === DASHBOARD ACCESSED ===
2025-10-27 09:42:28 - Loading required files
2025-10-27 09:42:28 - Required files loaded successfully
2025-10-27 09:42:28 - MpesaService loaded successfully
2025-10-27 09:42:28 - User ID: 1
2025-10-27 09:42:28 - User orders: 8, Events: 3
2025-10-27 09:42:28 - Rendering dashboard page
2025-10-27 09:42:35 - === DASHBOARD ACCESSED ===
2025-10-27 09:42:35 - Loading required files
2025-10-27 09:42:35 - Required files loaded successfully
2025-10-27 09:42:35 - MpesaService loaded successfully
2025-10-27 09:42:35 - User ID: 1
2025-10-27 09:42:35 - User orders: 8, Events: 3
2025-10-27 09:42:35 - Rendering dashboard page
2025-10-27 09:42:39 - === DASHBOARD ACCESSED ===
2025-10-27 09:42:39 - Loading required files
2025-10-27 09:42:39 - Required files loaded successfully
2025-10-27 09:42:39 - MpesaService loaded successfully
2025-10-27 09:42:39 - User ID: 1
2025-10-27 09:42:39 - User orders: 8, Events: 3
2025-10-27 09:42:39 - Rendering dashboard page
2025-10-27 09:42:45 - === DASHBOARD ACCESSED ===
2025-10-27 09:42:45 - Loading required files
2025-10-27 09:42:45 - Required files loaded successfully
2025-10-27 09:42:45 - MpesaService loaded successfully
2025-10-27 09:42:45 - User ID: 1
2025-10-27 09:42:45 - User orders: 8, Events: 3
2025-10-27 09:42:45 - Rendering dashboard page
2025-10-27 09:42:52 - === DASHBOARD ACCESSED ===
2025-10-27 09:42:52 - Loading required files
2025-10-27 09:42:52 - Required files loaded successfully
2025-10-27 09:42:52 - MpesaService loaded successfully
2025-10-27 09:42:52 - User ID: 1
2025-10-27 09:42:52 - User orders: 8, Events: 3
2025-10-27 09:42:52 - Rendering dashboard page
2025-10-27 09:42:58 - === DASHBOARD ACCESSED ===
2025-10-27 09:42:58 - Loading required files
2025-10-27 09:42:58 - Required files loaded successfully
2025-10-27 09:42:58 - MpesaService loaded successfully
2025-10-27 09:42:58 - User ID: 1
2025-10-27 09:42:58 - User orders: 8, Events: 3
2025-10-27 09:42:58 - Rendering dashboard page
2025-10-27 09:43:05 - === DASHBOARD ACCESSED ===
2025-10-27 09:43:05 - Loading required files
2025-10-27 09:43:05 - Required files loaded successfully
2025-10-27 09:43:05 - MpesaService loaded successfully
2025-10-27 09:43:05 - User ID: 1
2025-10-27 09:43:05 - User orders: 8, Events: 3
2025-10-27 09:43:05 - Rendering dashboard page
2025-10-27 09:43:09 - === DASHBOARD ACCESSED ===
2025-10-27 09:43:09 - Loading required files
2025-10-27 09:43:09 - Required files loaded successfully
2025-10-27 09:43:09 - MpesaService loaded successfully
2025-10-27 09:43:09 - User ID: 1
2025-10-27 09:43:09 - User orders: 8, Events: 3
2025-10-27 09:43:09 - Rendering dashboard page
2025-10-27 09:43:15 - === DASHBOARD ACCESSED ===
2025-10-27 09:43:15 - Loading required files
2025-10-27 09:43:15 - Required files loaded successfully
2025-10-27 09:43:15 - MpesaService loaded successfully
2025-10-27 09:43:15 - User ID: 1
2025-10-27 09:43:15 - User orders: 8, Events: 3
2025-10-27 09:43:15 - Rendering dashboard page
2025-10-27 09:43:22 - === DASHBOARD ACCESSED ===
2025-10-27 09:43:22 - Loading required files
2025-10-27 09:43:22 - Required files loaded successfully
2025-10-27 09:43:22 - MpesaService loaded successfully
2025-10-27 09:43:22 - User ID: 1
2025-10-27 09:43:22 - User orders: 8, Events: 3
2025-10-27 09:43:22 - Rendering dashboard page
2025-10-27 09:43:28 - === DASHBOARD ACCESSED ===
2025-10-27 09:43:28 - Loading required files
2025-10-27 09:43:28 - Required files loaded successfully
2025-10-27 09:43:28 - MpesaService loaded successfully
2025-10-27 09:43:28 - User ID: 1
2025-10-27 09:43:28 - User orders: 8, Events: 3
2025-10-27 09:43:28 - Rendering dashboard page
2025-10-27 09:43:35 - === DASHBOARD ACCESSED ===
2025-10-27 09:43:35 - Loading required files
2025-10-27 09:43:35 - Required files loaded successfully
2025-10-27 09:43:35 - MpesaService loaded successfully
2025-10-27 09:43:35 - User ID: 1
2025-10-27 09:43:35 - User orders: 8, Events: 3
2025-10-27 09:43:35 - Rendering dashboard page
2025-10-27 09:43:39 - === DASHBOARD ACCESSED ===
2025-10-27 09:43:39 - Loading required files
2025-10-27 09:43:39 - Required files loaded successfully
2025-10-27 09:43:39 - MpesaService loaded successfully
2025-10-27 09:43:39 - User ID: 1
2025-10-27 09:43:39 - User orders: 8, Events: 3
2025-10-27 09:43:39 - Rendering dashboard page
2025-10-27 09:43:45 - === DASHBOARD ACCESSED ===
2025-10-27 09:43:45 - Loading required files
2025-10-27 09:43:45 - Required files loaded successfully
2025-10-27 09:43:45 - MpesaService loaded successfully
2025-10-27 09:43:45 - User ID: 1
2025-10-27 09:43:45 - User orders: 8, Events: 3
2025-10-27 09:43:45 - Rendering dashboard page
2025-10-27 09:43:52 - === DASHBOARD ACCESSED ===
2025-10-27 09:43:52 - Loading required files
2025-10-27 09:43:52 - Required files loaded successfully
2025-10-27 09:43:52 - MpesaService loaded successfully
2025-10-27 09:43:52 - User ID: 1
2025-10-27 09:43:52 - User orders: 8, Events: 3
2025-10-27 09:43:52 - Rendering dashboard page
2025-10-27 09:43:58 - === DASHBOARD ACCESSED ===
2025-10-27 09:43:58 - Loading required files
2025-10-27 09:43:58 - Required files loaded successfully
2025-10-27 09:43:58 - MpesaService loaded successfully
2025-10-27 09:43:58 - User ID: 1
2025-10-27 09:43:58 - User orders: 8, Events: 3
2025-10-27 09:43:58 - Rendering dashboard page
2025-10-27 09:44:05 - === DASHBOARD ACCESSED ===
2025-10-27 09:44:05 - Loading required files
2025-10-27 09:44:05 - Required files loaded successfully
2025-10-27 09:44:05 - MpesaService loaded successfully
2025-10-27 09:44:05 - User ID: 1
2025-10-27 09:44:05 - User orders: 8, Events: 3
2025-10-27 09:44:05 - Rendering dashboard page
2025-10-27 09:44:09 - === DASHBOARD ACCESSED ===
2025-10-27 09:44:09 - Loading required files
2025-10-27 09:44:09 - Required files loaded successfully
2025-10-27 09:44:09 - MpesaService loaded successfully
2025-10-27 09:44:09 - User ID: 1
2025-10-27 09:44:09 - User orders: 8, Events: 3
2025-10-27 09:44:09 - Rendering dashboard page
2025-10-27 09:44:15 - === DASHBOARD ACCESSED ===
2025-10-27 09:44:15 - Loading required files
2025-10-27 09:44:15 - Required files loaded successfully
2025-10-27 09:44:15 - MpesaService loaded successfully
2025-10-27 09:44:15 - User ID: 1
2025-10-27 09:44:15 - User orders: 8, Events: 3
2025-10-27 09:44:15 - Rendering dashboard page
2025-10-27 09:44:22 - === DASHBOARD ACCESSED ===
2025-10-27 09:44:22 - Loading required files
2025-10-27 09:44:22 - Required files loaded successfully
2025-10-27 09:44:22 - MpesaService loaded successfully
2025-10-27 09:44:22 - User ID: 1
2025-10-27 09:44:22 - User orders: 8, Events: 3
2025-10-27 09:44:22 - Rendering dashboard page
2025-10-27 09:54:01 - === DASHBOARD ACCESSED ===
2025-10-27 09:54:01 - Loading required files
2025-10-27 09:54:01 - Required files loaded successfully
2025-10-27 09:54:01 - MpesaService loaded successfully
2025-10-27 09:54:01 - User ID: 1
2025-10-27 09:54:01 - User orders: 8, Events: 3
2025-10-27 09:54:01 - Rendering dashboard page
2025-10-27 09:54:06 - === DASHBOARD ACCESSED ===
2025-10-27 09:54:06 - Loading required files
2025-10-27 09:54:06 - Required files loaded successfully
2025-10-27 09:54:06 - MpesaService loaded successfully
2025-10-27 09:54:06 - User ID: 1
2025-10-27 09:54:06 - User orders: 8, Events: 3
2025-10-27 09:54:06 - Rendering dashboard page
2025-10-27 09:54:12 - === DASHBOARD ACCESSED ===
2025-10-27 09:54:12 - Loading required files
2025-10-27 09:54:12 - Required files loaded successfully
2025-10-27 09:54:12 - MpesaService loaded successfully
2025-10-27 09:54:12 - User ID: 1
2025-10-27 09:54:12 - User orders: 8, Events: 3
2025-10-27 09:54:13 - Rendering dashboard page
2025-10-27 09:54:18 - === DASHBOARD ACCESSED ===
2025-10-27 09:54:18 - Loading required files
2025-10-27 09:54:18 - Required files loaded successfully
2025-10-27 09:54:18 - MpesaService loaded successfully
2025-10-27 09:54:18 - User ID: 1
2025-10-27 09:54:18 - User orders: 8, Events: 3
2025-10-27 09:54:18 - Rendering dashboard page
2025-10-27 09:54:24 - === DASHBOARD ACCESSED ===
2025-10-27 09:54:24 - Loading required files
2025-10-27 09:54:24 - Required files loaded successfully
2025-10-27 09:54:24 - MpesaService loaded successfully
2025-10-27 09:54:24 - User ID: 1
2025-10-27 09:54:24 - User orders: 8, Events: 3
2025-10-27 09:54:24 - Rendering dashboard page
2025-10-27 09:54:30 - === DASHBOARD ACCESSED ===
2025-10-27 09:54:30 - Loading required files
2025-10-27 09:54:30 - Required files loaded successfully
2025-10-27 09:54:30 - MpesaService loaded successfully
2025-10-27 09:54:30 - User ID: 1
2025-10-27 09:54:30 - User orders: 8, Events: 3
2025-10-27 09:54:30 - Rendering dashboard page
2025-10-27 09:54:36 - === DASHBOARD ACCESSED ===
2025-10-27 09:54:36 - Loading required files
2025-10-27 09:54:36 - Required files loaded successfully
2025-10-27 09:54:36 - MpesaService loaded successfully
2025-10-27 09:54:36 - User ID: 1
2025-10-27 09:54:36 - User orders: 8, Events: 3
2025-10-27 09:54:36 - Rendering dashboard page
2025-10-27 09:54:42 - === DASHBOARD ACCESSED ===
2025-10-27 09:54:42 - Loading required files
2025-10-27 09:54:42 - Required files loaded successfully
2025-10-27 09:54:42 - MpesaService loaded successfully
2025-10-27 09:54:42 - User ID: 1
2025-10-27 09:54:42 - User orders: 8, Events: 3
2025-10-27 09:54:42 - Rendering dashboard page
2025-10-27 09:54:48 - === DASHBOARD ACCESSED ===
2025-10-27 09:54:48 - Loading required files
2025-10-27 09:54:48 - Required files loaded successfully
2025-10-27 09:54:48 - MpesaService loaded successfully
2025-10-27 09:54:48 - User ID: 1
2025-10-27 09:54:48 - User orders: 8, Events: 3
2025-10-27 09:54:48 - Rendering dashboard page
2025-10-27 09:54:54 - === DASHBOARD ACCESSED ===
2025-10-27 09:54:54 - Loading required files
2025-10-27 09:54:54 - Required files loaded successfully
2025-10-27 09:54:54 - MpesaService loaded successfully
2025-10-27 09:54:54 - User ID: 1
2025-10-27 09:54:54 - User orders: 8, Events: 3
2025-10-27 09:54:54 - Rendering dashboard page
2025-10-27 09:55:00 - === DASHBOARD ACCESSED ===
2025-10-27 09:55:00 - Loading required files
2025-10-27 09:55:00 - Required files loaded successfully
2025-10-27 09:55:00 - MpesaService loaded successfully
2025-10-27 09:55:00 - User ID: 1
2025-10-27 09:55:00 - User orders: 8, Events: 3
2025-10-27 09:55:00 - Rendering dashboard page
2025-10-27 09:55:06 - === DASHBOARD ACCESSED ===
2025-10-27 09:55:06 - Loading required files
2025-10-27 09:55:06 - Required files loaded successfully
2025-10-27 09:55:06 - MpesaService loaded successfully
2025-10-27 09:55:06 - User ID: 1
2025-10-27 09:55:06 - User orders: 8, Events: 3
2025-10-27 09:55:06 - Rendering dashboard page
2025-10-27 09:55:12 - === DASHBOARD ACCESSED ===
2025-10-27 09:55:12 - Loading required files
2025-10-27 09:55:12 - Required files loaded successfully
2025-10-27 09:55:12 - MpesaService loaded successfully
2025-10-27 09:55:12 - User ID: 1
2025-10-27 09:55:12 - User orders: 8, Events: 3
2025-10-27 09:55:12 - Rendering dashboard page
2025-10-27 09:55:18 - === DASHBOARD ACCESSED ===
2025-10-27 09:55:18 - Loading required files
2025-10-27 09:55:18 - Required files loaded successfully
2025-10-27 09:55:18 - MpesaService loaded successfully
2025-10-27 09:55:18 - User ID: 1
2025-10-27 09:55:18 - User orders: 8, Events: 3
2025-10-27 09:55:18 - Rendering dashboard page
2025-10-27 09:55:24 - === DASHBOARD ACCESSED ===
2025-10-27 09:55:24 - Loading required files
2025-10-27 09:55:24 - Required files loaded successfully
2025-10-27 09:55:24 - MpesaService loaded successfully
2025-10-27 09:55:24 - User ID: 1
2025-10-27 09:55:24 - User orders: 8, Events: 3
2025-10-27 09:55:24 - Rendering dashboard page
2025-10-27 09:55:30 - === DASHBOARD ACCESSED ===
2025-10-27 09:55:30 - Loading required files
2025-10-27 09:55:30 - Required files loaded successfully
2025-10-27 09:55:30 - MpesaService loaded successfully
2025-10-27 09:55:30 - User ID: 1
2025-10-27 09:55:30 - User orders: 8, Events: 3
2025-10-27 09:55:30 - Rendering dashboard page
2025-10-27 09:55:36 - === DASHBOARD ACCESSED ===
2025-10-27 09:55:36 - Loading required files
2025-10-27 09:55:36 - Required files loaded successfully
2025-10-27 09:55:36 - MpesaService loaded successfully
2025-10-27 09:55:36 - User ID: 1
2025-10-27 09:55:36 - User orders: 8, Events: 3
2025-10-27 09:55:36 - Rendering dashboard page
2025-10-27 09:55:42 - === DASHBOARD ACCESSED ===
2025-10-27 09:55:42 - Loading required files
2025-10-27 09:55:42 - Required files loaded successfully
2025-10-27 09:55:42 - MpesaService loaded successfully
2025-10-27 09:55:42 - User ID: 1
2025-10-27 09:55:42 - User orders: 8, Events: 3
2025-10-27 09:55:42 - Rendering dashboard page
2025-10-27 09:55:49 - === DASHBOARD ACCESSED ===
2025-10-27 09:55:49 - Loading required files
2025-10-27 09:55:49 - Required files loaded successfully
2025-10-27 09:55:49 - MpesaService loaded successfully
2025-10-27 09:55:49 - User ID: 1
2025-10-27 09:55:49 - User orders: 8, Events: 3
2025-10-27 09:55:49 - Rendering dashboard page
2025-10-27 09:55:55 - === DASHBOARD ACCESSED ===
2025-10-27 09:55:55 - Loading required files
2025-10-27 09:55:55 - Required files loaded successfully
2025-10-27 09:55:55 - MpesaService loaded successfully
2025-10-27 09:55:55 - User ID: 1
2025-10-27 09:55:55 - User orders: 8, Events: 3
2025-10-27 09:55:55 - Rendering dashboard page
2025-10-27 09:56:02 - === DASHBOARD ACCESSED ===
2025-10-27 09:56:02 - Loading required files
2025-10-27 09:56:02 - Required files loaded successfully
2025-10-27 09:56:02 - MpesaService loaded successfully
2025-10-27 09:56:02 - User ID: 1
2025-10-27 09:56:02 - User orders: 8, Events: 3
2025-10-27 09:56:02 - Rendering dashboard page
2025-10-27 09:56:08 - === DASHBOARD ACCESSED ===
2025-10-27 09:56:08 - Loading required files
2025-10-27 09:56:08 - Required files loaded successfully
2025-10-27 09:56:08 - MpesaService loaded successfully
2025-10-27 09:56:08 - User ID: 1
2025-10-27 09:56:08 - User orders: 8, Events: 3
2025-10-27 09:56:08 - Rendering dashboard page
2025-10-27 09:56:15 - === DASHBOARD ACCESSED ===
2025-10-27 09:56:15 - Loading required files
2025-10-27 09:56:15 - Required files loaded successfully
2025-10-27 09:56:15 - MpesaService loaded successfully
2025-10-27 09:56:15 - User ID: 1
2025-10-27 09:56:15 - User orders: 8, Events: 3
2025-10-27 09:56:15 - Rendering dashboard page
2025-10-27 09:56:21 - === DASHBOARD ACCESSED ===
2025-10-27 09:56:21 - Loading required files
2025-10-27 09:56:21 - Required files loaded successfully
2025-10-27 09:56:21 - MpesaService loaded successfully
2025-10-27 09:56:21 - User ID: 1
2025-10-27 09:56:21 - User orders: 8, Events: 3
2025-10-27 09:56:21 - Rendering dashboard page
2025-10-27 09:56:27 - === DASHBOARD ACCESSED ===
2025-10-27 09:56:27 - Loading required files
2025-10-27 09:56:27 - Required files loaded successfully
2025-10-27 09:56:27 - MpesaService loaded successfully
2025-10-27 09:56:27 - User ID: 1
2025-10-27 09:56:27 - User orders: 8, Events: 3
2025-10-27 09:56:27 - Rendering dashboard page
2025-10-27 09:56:33 - === DASHBOARD ACCESSED ===
2025-10-27 09:56:33 - Loading required files
2025-10-27 09:56:33 - Required files loaded successfully
2025-10-27 09:56:33 - MpesaService loaded successfully
2025-10-27 09:56:33 - User ID: 1
2025-10-27 09:56:33 - User orders: 8, Events: 3
2025-10-27 09:56:33 - Rendering dashboard page
2025-10-27 09:56:39 - === DASHBOARD ACCESSED ===
2025-10-27 09:56:39 - Loading required files
2025-10-27 09:56:39 - Required files loaded successfully
2025-10-27 09:56:39 - MpesaService loaded successfully
2025-10-27 09:56:39 - User ID: 1
2025-10-27 09:56:39 - User orders: 8, Events: 3
2025-10-27 09:56:39 - Rendering dashboard page
2025-10-27 09:56:45 - === DASHBOARD ACCESSED ===
2025-10-27 09:56:45 - Loading required files
2025-10-27 09:56:45 - Required files loaded successfully
2025-10-27 09:56:45 - MpesaService loaded successfully
2025-10-27 09:56:45 - User ID: 1
2025-10-27 09:56:45 - User orders: 8, Events: 3
2025-10-27 09:56:45 - Rendering dashboard page
2025-10-27 09:56:51 - === DASHBOARD ACCESSED ===
2025-10-27 09:56:51 - Loading required files
2025-10-27 09:56:51 - Required files loaded successfully
2025-10-27 09:56:51 - MpesaService loaded successfully
2025-10-27 09:56:51 - User ID: 1
2025-10-27 09:56:51 - User orders: 8, Events: 3
2025-10-27 09:56:51 - Rendering dashboard page
2025-10-27 09:56:57 - === DASHBOARD ACCESSED ===
2025-10-27 09:56:57 - Loading required files
2025-10-27 09:56:57 - Required files loaded successfully
2025-10-27 09:56:57 - MpesaService loaded successfully
2025-10-27 09:56:57 - User ID: 1
2025-10-27 09:56:57 - User orders: 8, Events: 3
2025-10-27 09:56:57 - Rendering dashboard page
2025-10-27 09:57:03 - === DASHBOARD ACCESSED ===
2025-10-27 09:57:03 - Loading required files
2025-10-27 09:57:03 - Required files loaded successfully
2025-10-27 09:57:03 - MpesaService loaded successfully
2025-10-27 09:57:03 - User ID: 1
2025-10-27 09:57:03 - User orders: 8, Events: 3
2025-10-27 09:57:03 - Rendering dashboard page
2025-10-27 09:57:09 - === DASHBOARD ACCESSED ===
2025-10-27 09:57:09 - Loading required files
2025-10-27 09:57:09 - Required files loaded successfully
2025-10-27 09:57:09 - MpesaService loaded successfully
2025-10-27 09:57:09 - User ID: 1
2025-10-27 09:57:09 - User orders: 8, Events: 3
2025-10-27 09:57:09 - Rendering dashboard page
2025-10-27 09:57:15 - === DASHBOARD ACCESSED ===
2025-10-27 09:57:15 - Loading required files
2025-10-27 09:57:15 - Required files loaded successfully
2025-10-27 09:57:15 - MpesaService loaded successfully
2025-10-27 09:57:15 - User ID: 1
2025-10-27 09:57:15 - User orders: 8, Events: 3
2025-10-27 09:57:15 - Rendering dashboard page
2025-10-27 09:57:21 - === DASHBOARD ACCESSED ===
2025-10-27 09:57:21 - Loading required files
2025-10-27 09:57:21 - Required files loaded successfully
2025-10-27 09:57:21 - MpesaService loaded successfully
2025-10-27 09:57:21 - User ID: 1
2025-10-27 09:57:21 - User orders: 8, Events: 3
2025-10-27 09:57:21 - Rendering dashboard page
2025-10-27 09:57:27 - === DASHBOARD ACCESSED ===
2025-10-27 09:57:27 - Loading required files
2025-10-27 09:57:27 - Required files loaded successfully
2025-10-27 09:57:27 - MpesaService loaded successfully
2025-10-27 09:57:27 - User ID: 1
2025-10-27 09:57:27 - User orders: 8, Events: 3
2025-10-27 09:57:27 - Rendering dashboard page
2025-10-27 09:57:30 - === DASHBOARD ACCESSED ===
2025-10-27 09:57:30 - Loading required files
2025-10-27 09:57:31 - Required files loaded successfully
2025-10-27 09:57:31 - MpesaService loaded successfully
2025-10-27 09:57:31 - User ID: 1
2025-10-27 09:57:31 - User orders: 8, Events: 3
2025-10-27 09:57:31 - Rendering dashboard page
2025-10-27 09:59:45 - === DASHBOARD ACCESSED ===
2025-10-27 09:59:45 - Loading required files
2025-10-27 09:59:45 - Required files loaded successfully
2025-10-27 09:59:45 - MpesaService loaded successfully
2025-10-27 09:59:45 - User ID: 1
2025-10-27 09:59:45 - User orders: 8, Events: 3
2025-10-27 09:59:45 - Rendering dashboard page
2025-10-27 09:59:51 - === DASHBOARD ACCESSED ===
2025-10-27 09:59:51 - Loading required files
2025-10-27 09:59:51 - Required files loaded successfully
2025-10-27 09:59:51 - MpesaService loaded successfully
2025-10-27 09:59:51 - User ID: 1
2025-10-27 09:59:51 - User orders: 8, Events: 3
2025-10-27 09:59:51 - Rendering dashboard page
2025-10-27 09:59:57 - === DASHBOARD ACCESSED ===
2025-10-27 09:59:57 - Loading required files
2025-10-27 09:59:57 - Required files loaded successfully
2025-10-27 09:59:57 - MpesaService loaded successfully
2025-10-27 09:59:57 - User ID: 1
2025-10-27 09:59:57 - User orders: 8, Events: 3
2025-10-27 09:59:57 - Rendering dashboard page
2025-10-27 10:00:03 - === DASHBOARD ACCESSED ===
2025-10-27 10:00:03 - Loading required files
2025-10-27 10:00:03 - Required files loaded successfully
2025-10-27 10:00:03 - MpesaService loaded successfully
2025-10-27 10:00:03 - User ID: 1
2025-10-27 10:00:03 - User orders: 8, Events: 3
2025-10-27 10:00:03 - Rendering dashboard page
2025-10-27 10:00:10 - === DASHBOARD ACCESSED ===
2025-10-27 10:00:10 - Loading required files
2025-10-27 10:00:10 - Required files loaded successfully
2025-10-27 10:00:10 - MpesaService loaded successfully
2025-10-27 10:00:10 - User ID: 1
2025-10-27 10:00:10 - User orders: 8, Events: 3
2025-10-27 10:00:10 - Rendering dashboard page
2025-10-27 10:00:16 - === DASHBOARD ACCESSED ===
2025-10-27 10:00:16 - Loading required files
2025-10-27 10:00:16 - Required files loaded successfully
2025-10-27 10:00:16 - MpesaService loaded successfully
2025-10-27 10:00:16 - User ID: 1
2025-10-27 10:00:16 - User orders: 8, Events: 3
2025-10-27 10:00:16 - Rendering dashboard page
2025-10-27 10:00:23 - === DASHBOARD ACCESSED ===
2025-10-27 10:00:23 - Loading required files
2025-10-27 10:00:23 - Required files loaded successfully
2025-10-27 10:00:23 - MpesaService loaded successfully
2025-10-27 10:00:23 - User ID: 1
2025-10-27 10:00:23 - User orders: 8, Events: 3
2025-10-27 10:00:23 - Rendering dashboard page
2025-10-27 10:00:29 - === DASHBOARD ACCESSED ===
2025-10-27 10:00:29 - Loading required files
2025-10-27 10:00:29 - Required files loaded successfully
2025-10-27 10:00:29 - MpesaService loaded successfully
2025-10-27 10:00:29 - User ID: 1
2025-10-27 10:00:29 - User orders: 8, Events: 3
2025-10-27 10:00:29 - Rendering dashboard page
2025-10-27 10:00:34 - === DASHBOARD ACCESSED ===
2025-10-27 10:00:34 - Loading required files
2025-10-27 10:00:34 - Required files loaded successfully
2025-10-27 10:00:34 - MpesaService loaded successfully
2025-10-27 10:00:34 - User ID: 1
2025-10-27 10:00:34 - User orders: 8, Events: 3
2025-10-27 10:00:34 - Rendering dashboard page
2025-10-27 10:00:40 - === DASHBOARD ACCESSED ===
2025-10-27 10:00:40 - Loading required files
2025-10-27 10:00:40 - Required files loaded successfully
2025-10-27 10:00:40 - MpesaService loaded successfully
2025-10-27 10:00:40 - User ID: 1
2025-10-27 10:00:40 - User orders: 8, Events: 3
2025-10-27 10:00:40 - Rendering dashboard page
2025-10-27 10:00:46 - === DASHBOARD ACCESSED ===
2025-10-27 10:00:46 - Loading required files
2025-10-27 10:00:46 - Required files loaded successfully
2025-10-27 10:00:46 - MpesaService loaded successfully
2025-10-27 10:00:46 - User ID: 1
2025-10-27 10:00:46 - User orders: 8, Events: 3
2025-10-27 10:00:46 - Rendering dashboard page
2025-10-27 10:00:53 - === DASHBOARD ACCESSED ===
2025-10-27 10:00:53 - Loading required files
2025-10-27 10:00:53 - Required files loaded successfully
2025-10-27 10:00:53 - MpesaService loaded successfully
2025-10-27 10:00:53 - User ID: 1
2025-10-27 10:00:53 - User orders: 8, Events: 3
2025-10-27 10:00:53 - Rendering dashboard page
2025-10-27 10:00:59 - === DASHBOARD ACCESSED ===
2025-10-27 10:00:59 - Loading required files
2025-10-27 10:00:59 - Required files loaded successfully
2025-10-27 10:00:59 - MpesaService loaded successfully
2025-10-27 10:00:59 - User ID: 1
2025-10-27 10:00:59 - User orders: 8, Events: 3
2025-10-27 10:00:59 - Rendering dashboard page
2025-10-27 10:01:04 - === DASHBOARD ACCESSED ===
2025-10-27 10:01:04 - Loading required files
2025-10-27 10:01:04 - Required files loaded successfully
2025-10-27 10:01:04 - MpesaService loaded successfully
2025-10-27 10:01:04 - User ID: 1
2025-10-27 10:01:04 - User orders: 8, Events: 3
2025-10-27 10:01:04 - Rendering dashboard page
2025-10-27 10:01:10 - === DASHBOARD ACCESSED ===
2025-10-27 10:01:10 - Loading required files
2025-10-27 10:01:10 - Required files loaded successfully
2025-10-27 10:01:10 - MpesaService loaded successfully
2025-10-27 10:01:10 - User ID: 1
2025-10-27 10:01:10 - User orders: 8, Events: 3
2025-10-27 10:01:10 - Rendering dashboard page
2025-10-27 10:01:17 - === DASHBOARD ACCESSED ===
2025-10-27 10:01:17 - Loading required files
2025-10-27 10:01:17 - Required files loaded successfully
2025-10-27 10:01:17 - MpesaService loaded successfully
2025-10-27 10:01:17 - User ID: 1
2025-10-27 10:01:17 - User orders: 8, Events: 3
2025-10-27 10:01:17 - Rendering dashboard page
2025-10-27 10:01:23 - === DASHBOARD ACCESSED ===
2025-10-27 10:01:23 - Loading required files
2025-10-27 10:01:23 - Required files loaded successfully
2025-10-27 10:01:23 - MpesaService loaded successfully
2025-10-27 10:01:23 - User ID: 1
2025-10-27 10:01:23 - User orders: 8, Events: 3
2025-10-27 10:01:23 - Rendering dashboard page
2025-10-27 10:01:30 - === DASHBOARD ACCESSED ===
2025-10-27 10:01:30 - Loading required files
2025-10-27 10:01:30 - Required files loaded successfully
2025-10-27 10:01:30 - MpesaService loaded successfully
2025-10-27 10:01:30 - User ID: 1
2025-10-27 10:01:30 - User orders: 8, Events: 3
2025-10-27 10:01:30 - Rendering dashboard page
2025-10-27 10:01:34 - === DASHBOARD ACCESSED ===
2025-10-27 10:01:34 - Loading required files
2025-10-27 10:01:34 - Required files loaded successfully
2025-10-27 10:01:34 - MpesaService loaded successfully
2025-10-27 10:01:34 - User ID: 1
2025-10-27 10:01:34 - User orders: 8, Events: 3
2025-10-27 10:01:34 - Rendering dashboard page
2025-10-27 10:01:40 - === DASHBOARD ACCESSED ===
2025-10-27 10:01:40 - Loading required files
2025-10-27 10:01:40 - Required files loaded successfully
2025-10-27 10:01:40 - MpesaService loaded successfully
2025-10-27 10:01:40 - User ID: 1
2025-10-27 10:01:40 - User orders: 8, Events: 3
2025-10-27 10:01:40 - Rendering dashboard page
2025-10-27 10:01:47 - === DASHBOARD ACCESSED ===
2025-10-27 10:01:47 - Loading required files
2025-10-27 10:01:47 - Required files loaded successfully
2025-10-27 10:01:47 - MpesaService loaded successfully
2025-10-27 10:01:47 - User ID: 1
2025-10-27 10:01:47 - User orders: 8, Events: 3
2025-10-27 10:01:47 - Rendering dashboard page
2025-10-27 10:01:53 - === DASHBOARD ACCESSED ===
2025-10-27 10:01:53 - Loading required files
2025-10-27 10:01:53 - Required files loaded successfully
2025-10-27 10:01:53 - MpesaService loaded successfully
2025-10-27 10:01:53 - User ID: 1
2025-10-27 10:01:53 - User orders: 8, Events: 3
2025-10-27 10:01:53 - Rendering dashboard page
2025-10-27 10:02:00 - === DASHBOARD ACCESSED ===
2025-10-27 10:02:00 - Loading required files
2025-10-27 10:02:00 - Required files loaded successfully
2025-10-27 10:02:00 - MpesaService loaded successfully
2025-10-27 10:02:00 - User ID: 1
2025-10-27 10:02:00 - User orders: 8, Events: 3
2025-10-27 10:02:00 - Rendering dashboard page
2025-10-27 10:02:04 - === DASHBOARD ACCESSED ===
2025-10-27 10:02:04 - Loading required files
2025-10-27 10:02:04 - Required files loaded successfully
2025-10-27 10:02:04 - MpesaService loaded successfully
2025-10-27 10:02:04 - User ID: 1
2025-10-27 10:02:04 - User orders: 8, Events: 3
2025-10-27 10:02:04 - Rendering dashboard page
2025-10-27 10:02:10 - === DASHBOARD ACCESSED ===
2025-10-27 10:02:10 - Loading required files
2025-10-27 10:02:10 - Required files loaded successfully
2025-10-27 10:02:10 - MpesaService loaded successfully
2025-10-27 10:02:10 - User ID: 1
2025-10-27 10:02:10 - User orders: 8, Events: 3
2025-10-27 10:02:10 - Rendering dashboard page
2025-10-27 10:02:16 - === DASHBOARD ACCESSED ===
2025-10-27 10:02:16 - Loading required files
2025-10-27 10:02:17 - Required files loaded successfully
2025-10-27 10:02:17 - MpesaService loaded successfully
2025-10-27 10:02:17 - User ID: 1
2025-10-27 10:02:17 - User orders: 8, Events: 3
2025-10-27 10:02:17 - Rendering dashboard page
2025-10-27 10:02:23 - === DASHBOARD ACCESSED ===
2025-10-27 10:02:23 - Loading required files
2025-10-27 10:02:23 - Required files loaded successfully
2025-10-27 10:02:23 - MpesaService loaded successfully
2025-10-27 10:02:23 - User ID: 1
2025-10-27 10:02:23 - User orders: 8, Events: 3
2025-10-27 10:02:23 - Rendering dashboard page
2025-10-27 10:02:29 - === DASHBOARD ACCESSED ===
2025-10-27 10:02:29 - Loading required files
2025-10-27 10:02:29 - Required files loaded successfully
2025-10-27 10:02:30 - MpesaService loaded successfully
2025-10-27 10:02:30 - User ID: 1
2025-10-27 10:02:30 - User orders: 8, Events: 3
2025-10-27 10:02:30 - Rendering dashboard page
2025-10-27 10:02:34 - === DASHBOARD ACCESSED ===
2025-10-27 10:02:34 - Loading required files
2025-10-27 10:02:34 - Required files loaded successfully
2025-10-27 10:02:34 - MpesaService loaded successfully
2025-10-27 10:02:34 - User ID: 1
2025-10-27 10:02:34 - User orders: 8, Events: 3
2025-10-27 10:02:34 - Rendering dashboard page
2025-10-27 10:02:40 - === DASHBOARD ACCESSED ===
2025-10-27 10:02:40 - Loading required files
2025-10-27 10:02:40 - Required files loaded successfully
2025-10-27 10:02:40 - MpesaService loaded successfully
2025-10-27 10:02:40 - User ID: 1
2025-10-27 10:02:40 - User orders: 8, Events: 3
2025-10-27 10:02:40 - Rendering dashboard page
2025-10-27 10:02:47 - === DASHBOARD ACCESSED ===
2025-10-27 10:02:47 - Loading required files
2025-10-27 10:02:47 - Required files loaded successfully
2025-10-27 10:02:47 - MpesaService loaded successfully
2025-10-27 10:02:47 - User ID: 1
2025-10-27 10:02:47 - User orders: 8, Events: 3
2025-10-27 10:02:47 - Rendering dashboard page
2025-10-27 10:02:53 - === DASHBOARD ACCESSED ===
2025-10-27 10:02:53 - Loading required files
2025-10-27 10:02:53 - Required files loaded successfully
2025-10-27 10:02:53 - MpesaService loaded successfully
2025-10-27 10:02:53 - User ID: 1
2025-10-27 10:02:53 - User orders: 8, Events: 3
2025-10-27 10:02:53 - Rendering dashboard page
2025-10-27 10:03:00 - === DASHBOARD ACCESSED ===
2025-10-27 10:03:00 - Loading required files
2025-10-27 10:03:00 - Required files loaded successfully
2025-10-27 10:03:00 - MpesaService loaded successfully
2025-10-27 10:03:00 - User ID: 1
2025-10-27 10:03:00 - User orders: 8, Events: 3
2025-10-27 10:03:00 - Rendering dashboard page
2025-10-27 10:03:04 - === DASHBOARD ACCESSED ===
2025-10-27 10:03:04 - Loading required files
2025-10-27 10:03:04 - Required files loaded successfully
2025-10-27 10:03:04 - MpesaService loaded successfully
2025-10-27 10:03:04 - User ID: 1
2025-10-27 10:03:04 - User orders: 8, Events: 3
2025-10-27 10:03:04 - Rendering dashboard page
2025-10-27 10:03:10 - === DASHBOARD ACCESSED ===
2025-10-27 10:03:10 - Loading required files
2025-10-27 10:03:10 - Required files loaded successfully
2025-10-27 10:03:10 - MpesaService loaded successfully
2025-10-27 10:03:10 - User ID: 1
2025-10-27 10:03:10 - User orders: 8, Events: 3
2025-10-27 10:03:10 - Rendering dashboard page
2025-10-27 10:03:17 - === DASHBOARD ACCESSED ===
2025-10-27 10:03:17 - Loading required files
2025-10-27 10:03:17 - Required files loaded successfully
2025-10-27 10:03:17 - MpesaService loaded successfully
2025-10-27 10:03:17 - User ID: 1
2025-10-27 10:03:17 - User orders: 8, Events: 3
2025-10-27 10:03:17 - Rendering dashboard page
2025-10-27 10:03:23 - === DASHBOARD ACCESSED ===
2025-10-27 10:03:23 - Loading required files
2025-10-27 10:03:23 - Required files loaded successfully
2025-10-27 10:03:23 - MpesaService loaded successfully
2025-10-27 10:03:23 - User ID: 1
2025-10-27 10:03:23 - User orders: 8, Events: 3
2025-10-27 10:03:23 - Rendering dashboard page
2025-10-27 10:03:30 - === DASHBOARD ACCESSED ===
2025-10-27 10:03:30 - Loading required files
2025-10-27 10:03:30 - Required files loaded successfully
2025-10-27 10:03:30 - MpesaService loaded successfully
2025-10-27 10:03:30 - User ID: 1
2025-10-27 10:03:30 - User orders: 8, Events: 3
2025-10-27 10:03:30 - Rendering dashboard page
2025-10-27 10:03:34 - === DASHBOARD ACCESSED ===
2025-10-27 10:03:34 - Loading required files
2025-10-27 10:03:34 - Required files loaded successfully
2025-10-27 10:03:34 - MpesaService loaded successfully
2025-10-27 10:03:34 - User ID: 1
2025-10-27 10:03:34 - User orders: 8, Events: 3
2025-10-27 10:03:34 - Rendering dashboard page
2025-10-27 10:03:40 - === DASHBOARD ACCESSED ===
2025-10-27 10:03:40 - Loading required files
2025-10-27 10:03:40 - Required files loaded successfully
2025-10-27 10:03:40 - MpesaService loaded successfully
2025-10-27 10:03:40 - User ID: 1
2025-10-27 10:03:40 - User orders: 8, Events: 3
2025-10-27 10:03:40 - Rendering dashboard page
2025-10-27 10:03:47 - === DASHBOARD ACCESSED ===
2025-10-27 10:03:47 - Loading required files
2025-10-27 10:03:47 - Required files loaded successfully
2025-10-27 10:03:47 - MpesaService loaded successfully
2025-10-27 10:03:47 - User ID: 1
2025-10-27 10:03:47 - User orders: 8, Events: 3
2025-10-27 10:03:47 - Rendering dashboard page
2025-10-27 10:03:53 - === DASHBOARD ACCESSED ===
2025-10-27 10:03:53 - Loading required files
2025-10-27 10:03:53 - Required files loaded successfully
2025-10-27 10:03:53 - MpesaService loaded successfully
2025-10-27 10:03:53 - User ID: 1
2025-10-27 10:03:53 - User orders: 8, Events: 3
2025-10-27 10:03:53 - Rendering dashboard page
2025-10-27 10:04:00 - === DASHBOARD ACCESSED ===
2025-10-27 10:04:00 - Loading required files
2025-10-27 10:04:00 - Required files loaded successfully
2025-10-27 10:04:00 - MpesaService loaded successfully
2025-10-27 10:04:00 - User ID: 1
2025-10-27 10:04:00 - User orders: 8, Events: 3
2025-10-27 10:04:00 - Rendering dashboard page
2025-10-27 10:04:04 - === DASHBOARD ACCESSED ===
2025-10-27 10:04:04 - Loading required files
2025-10-27 10:04:04 - Required files loaded successfully
2025-10-27 10:04:04 - MpesaService loaded successfully
2025-10-27 10:04:04 - User ID: 1
2025-10-27 10:04:04 - User orders: 8, Events: 3
2025-10-27 10:04:04 - Rendering dashboard page
2025-10-27 10:04:10 - === DASHBOARD ACCESSED ===
2025-10-27 10:04:10 - Loading required files
2025-10-27 10:04:10 - Required files loaded successfully
2025-10-27 10:04:10 - MpesaService loaded successfully
2025-10-27 10:04:10 - User ID: 1
2025-10-27 10:04:10 - User orders: 8, Events: 3
2025-10-27 10:04:10 - Rendering dashboard page
2025-10-27 10:04:17 - === DASHBOARD ACCESSED ===
2025-10-27 10:04:17 - Loading required files
2025-10-27 10:04:17 - Required files loaded successfully
2025-10-27 10:04:17 - MpesaService loaded successfully
2025-10-27 10:04:17 - User ID: 1
2025-10-27 10:04:17 - User orders: 8, Events: 3
2025-10-27 10:04:17 - Rendering dashboard page
2025-10-27 10:04:23 - === DASHBOARD ACCESSED ===
2025-10-27 10:04:23 - Loading required files
2025-10-27 10:04:23 - Required files loaded successfully
2025-10-27 10:04:23 - MpesaService loaded successfully
2025-10-27 10:04:23 - User ID: 1
2025-10-27 10:04:23 - User orders: 8, Events: 3
2025-10-27 10:04:23 - Rendering dashboard page
2025-10-27 10:04:30 - === DASHBOARD ACCESSED ===
2025-10-27 10:04:30 - Loading required files
2025-10-27 10:04:30 - Required files loaded successfully
2025-10-27 10:04:30 - MpesaService loaded successfully
2025-10-27 10:04:30 - User ID: 1
2025-10-27 10:04:30 - User orders: 8, Events: 3
2025-10-27 10:04:30 - Rendering dashboard page
2025-10-27 10:04:34 - === DASHBOARD ACCESSED ===
2025-10-27 10:04:34 - Loading required files
2025-10-27 10:04:34 - Required files loaded successfully
2025-10-27 10:04:34 - MpesaService loaded successfully
2025-10-27 10:04:34 - User ID: 1
2025-10-27 10:04:34 - User orders: 8, Events: 3
2025-10-27 10:04:34 - Rendering dashboard page
2025-10-27 10:04:40 - === DASHBOARD ACCESSED ===
2025-10-27 10:04:40 - Loading required files
2025-10-27 10:04:40 - Required files loaded successfully
2025-10-27 10:04:40 - MpesaService loaded successfully
2025-10-27 10:04:40 - User ID: 1
2025-10-27 10:04:40 - User orders: 8, Events: 3
2025-10-27 10:04:40 - Rendering dashboard page
2025-10-27 10:04:47 - === DASHBOARD ACCESSED ===
2025-10-27 10:04:47 - Loading required files
2025-10-27 10:04:47 - Required files loaded successfully
2025-10-27 10:04:47 - MpesaService loaded successfully
2025-10-27 10:04:47 - User ID: 1
2025-10-27 10:04:47 - User orders: 8, Events: 3
2025-10-27 10:04:47 - Rendering dashboard page
2025-10-27 10:04:53 - === DASHBOARD ACCESSED ===
2025-10-27 10:04:53 - Loading required files
2025-10-27 10:04:53 - Required files loaded successfully
2025-10-27 10:04:53 - MpesaService loaded successfully
2025-10-27 10:04:53 - User ID: 1
2025-10-27 10:04:53 - User orders: 8, Events: 3
2025-10-27 10:04:53 - Rendering dashboard page
2025-10-27 10:05:00 - === DASHBOARD ACCESSED ===
2025-10-27 10:05:00 - Loading required files
2025-10-27 10:05:00 - Required files loaded successfully
2025-10-27 10:05:00 - MpesaService loaded successfully
2025-10-27 10:05:00 - User ID: 1
2025-10-27 10:05:00 - User orders: 8, Events: 3
2025-10-27 10:05:00 - Rendering dashboard page
2025-10-27 10:05:04 - === DASHBOARD ACCESSED ===
2025-10-27 10:05:04 - Loading required files
2025-10-27 10:05:04 - Required files loaded successfully
2025-10-27 10:05:04 - MpesaService loaded successfully
2025-10-27 10:05:04 - User ID: 1
2025-10-27 10:05:04 - User orders: 8, Events: 3
2025-10-27 10:05:04 - Rendering dashboard page
2025-10-27 10:05:10 - === DASHBOARD ACCESSED ===
2025-10-27 10:05:10 - Loading required files
2025-10-27 10:05:10 - Required files loaded successfully
2025-10-27 10:05:10 - MpesaService loaded successfully
2025-10-27 10:05:10 - User ID: 1
2025-10-27 10:05:10 - User orders: 8, Events: 3
2025-10-27 10:05:10 - Rendering dashboard page
2025-10-27 10:05:17 - === DASHBOARD ACCESSED ===
2025-10-27 10:05:17 - Loading required files
2025-10-27 10:05:17 - Required files loaded successfully
2025-10-27 10:05:17 - MpesaService loaded successfully
2025-10-27 10:05:17 - User ID: 1
2025-10-27 10:05:17 - User orders: 8, Events: 3
2025-10-27 10:05:17 - Rendering dashboard page
2025-10-27 10:05:23 - === DASHBOARD ACCESSED ===
2025-10-27 10:05:23 - Loading required files
2025-10-27 10:05:23 - Required files loaded successfully
2025-10-27 10:05:23 - MpesaService loaded successfully
2025-10-27 10:05:23 - User ID: 1
2025-10-27 10:05:23 - User orders: 8, Events: 3
2025-10-27 10:05:23 - Rendering dashboard page
2025-10-27 10:05:30 - === DASHBOARD ACCESSED ===
2025-10-27 10:05:30 - Loading required files
2025-10-27 10:05:30 - Required files loaded successfully
2025-10-27 10:05:30 - MpesaService loaded successfully
2025-10-27 10:05:30 - User ID: 1
2025-10-27 10:05:30 - User orders: 8, Events: 3
2025-10-27 10:05:30 - Rendering dashboard page
2025-10-27 10:05:34 - === DASHBOARD ACCESSED ===
2025-10-27 10:05:34 - Loading required files
2025-10-27 10:05:34 - Required files loaded successfully
2025-10-27 10:05:34 - MpesaService loaded successfully
2025-10-27 10:05:34 - User ID: 1
2025-10-27 10:05:34 - User orders: 8, Events: 3
2025-10-27 10:05:34 - Rendering dashboard page
2025-10-27 10:05:40 - === DASHBOARD ACCESSED ===
2025-10-27 10:05:40 - Loading required files
2025-10-27 10:05:40 - Required files loaded successfully
2025-10-27 10:05:40 - MpesaService loaded successfully
2025-10-27 10:05:40 - User ID: 1
2025-10-27 10:05:40 - User orders: 8, Events: 3
2025-10-27 10:05:40 - Rendering dashboard page
2025-10-27 10:05:47 - === DASHBOARD ACCESSED ===
2025-10-27 10:05:47 - Loading required files
2025-10-27 10:05:47 - Required files loaded successfully
2025-10-27 10:05:47 - MpesaService loaded successfully
2025-10-27 10:05:47 - User ID: 1
2025-10-27 10:05:47 - User orders: 8, Events: 3
2025-10-27 10:05:47 - Rendering dashboard page
2025-10-27 10:05:53 - === DASHBOARD ACCESSED ===
2025-10-27 10:05:53 - Loading required files
2025-10-27 10:05:53 - Required files loaded successfully
2025-10-27 10:05:53 - MpesaService loaded successfully
2025-10-27 10:05:53 - User ID: 1
2025-10-27 10:05:53 - User orders: 8, Events: 3
2025-10-27 10:05:53 - Rendering dashboard page
2025-10-27 10:06:00 - === DASHBOARD ACCESSED ===
2025-10-27 10:06:00 - Loading required files
2025-10-27 10:06:00 - Required files loaded successfully
2025-10-27 10:06:00 - MpesaService loaded successfully
2025-10-27 10:06:00 - User ID: 1
2025-10-27 10:06:00 - User orders: 8, Events: 3
2025-10-27 10:06:00 - Rendering dashboard page
2025-10-27 10:06:04 - === DASHBOARD ACCESSED ===
2025-10-27 10:06:04 - Loading required files
2025-10-27 10:06:04 - Required files loaded successfully
2025-10-27 10:06:04 - MpesaService loaded successfully
2025-10-27 10:06:04 - User ID: 1
2025-10-27 10:06:04 - User orders: 8, Events: 3
2025-10-27 10:06:04 - Rendering dashboard page
2025-10-27 10:06:10 - === DASHBOARD ACCESSED ===
2025-10-27 10:06:10 - Loading required files
2025-10-27 10:06:10 - Required files loaded successfully
2025-10-27 10:06:10 - MpesaService loaded successfully
2025-10-27 10:06:10 - User ID: 1
2025-10-27 10:06:10 - User orders: 8, Events: 3
2025-10-27 10:06:10 - Rendering dashboard page
2025-10-27 10:06:17 - === DASHBOARD ACCESSED ===
2025-10-27 10:06:17 - Loading required files
2025-10-27 10:06:17 - Required files loaded successfully
2025-10-27 10:06:17 - MpesaService loaded successfully
2025-10-27 10:06:17 - User ID: 1
2025-10-27 10:06:17 - User orders: 8, Events: 3
2025-10-27 10:06:17 - Rendering dashboard page
2025-10-27 10:06:23 - === DASHBOARD ACCESSED ===
2025-10-27 10:06:23 - Loading required files
2025-10-27 10:06:23 - Required files loaded successfully
2025-10-27 10:06:23 - MpesaService loaded successfully
2025-10-27 10:06:23 - User ID: 1
2025-10-27 10:06:23 - User orders: 8, Events: 3
2025-10-27 10:06:23 - Rendering dashboard page
2025-10-27 10:06:30 - === DASHBOARD ACCESSED ===
2025-10-27 10:06:30 - Loading required files
2025-10-27 10:06:30 - Required files loaded successfully
2025-10-27 10:06:30 - MpesaService loaded successfully
2025-10-27 10:06:30 - User ID: 1
2025-10-27 10:06:30 - User orders: 8, Events: 3
2025-10-27 10:06:30 - Rendering dashboard page
2025-10-27 10:06:34 - === DASHBOARD ACCESSED ===
2025-10-27 10:06:34 - Loading required files
2025-10-27 10:06:34 - Required files loaded successfully
2025-10-27 10:06:34 - MpesaService loaded successfully
2025-10-27 10:06:34 - User ID: 1
2025-10-27 10:06:34 - User orders: 8, Events: 3
2025-10-27 10:06:34 - Rendering dashboard page
2025-10-27 10:06:40 - === DASHBOARD ACCESSED ===
2025-10-27 10:06:40 - Loading required files
2025-10-27 10:06:40 - Required files loaded successfully
2025-10-27 10:06:40 - MpesaService loaded successfully
2025-10-27 10:06:40 - User ID: 1
2025-10-27 10:06:40 - User orders: 8, Events: 3
2025-10-27 10:06:40 - Rendering dashboard page
2025-10-27 10:06:47 - === DASHBOARD ACCESSED ===
2025-10-27 10:06:47 - Loading required files
2025-10-27 10:06:47 - Required files loaded successfully
2025-10-27 10:06:47 - MpesaService loaded successfully
2025-10-27 10:06:47 - User ID: 1
2025-10-27 10:06:47 - User orders: 8, Events: 3
2025-10-27 10:06:47 - Rendering dashboard page
2025-10-27 10:06:53 - === DASHBOARD ACCESSED ===
2025-10-27 10:06:53 - Loading required files
2025-10-27 10:06:53 - Required files loaded successfully
2025-10-27 10:06:53 - MpesaService loaded successfully
2025-10-27 10:06:53 - User ID: 1
2025-10-27 10:06:53 - User orders: 8, Events: 3
2025-10-27 10:06:53 - Rendering dashboard page
2025-10-27 10:07:00 - === DASHBOARD ACCESSED ===
2025-10-27 10:07:00 - Loading required files
2025-10-27 10:07:00 - Required files loaded successfully
2025-10-27 10:07:00 - MpesaService loaded successfully
2025-10-27 10:07:00 - User ID: 1
2025-10-27 10:07:00 - User orders: 8, Events: 3
2025-10-27 10:07:00 - Rendering dashboard page
2025-10-27 10:07:04 - === DASHBOARD ACCESSED ===
2025-10-27 10:07:04 - Loading required files
2025-10-27 10:07:04 - Required files loaded successfully
2025-10-27 10:07:04 - MpesaService loaded successfully
2025-10-27 10:07:04 - User ID: 1
2025-10-27 10:07:04 - User orders: 8, Events: 3
2025-10-27 10:07:04 - Rendering dashboard page
2025-10-27 10:07:10 - === DASHBOARD ACCESSED ===
2025-10-27 10:07:10 - Loading required files
2025-10-27 10:07:10 - Required files loaded successfully
2025-10-27 10:07:10 - MpesaService loaded successfully
2025-10-27 10:07:10 - User ID: 1
2025-10-27 10:07:10 - User orders: 8, Events: 3
2025-10-27 10:07:10 - Rendering dashboard page
2025-10-27 10:07:17 - === DASHBOARD ACCESSED ===
2025-10-27 10:07:17 - Loading required files
2025-10-27 10:07:17 - Required files loaded successfully
2025-10-27 10:07:17 - MpesaService loaded successfully
2025-10-27 10:07:17 - User ID: 1
2025-10-27 10:07:17 - User orders: 8, Events: 3
2025-10-27 10:07:17 - Rendering dashboard page
2025-10-27 10:07:23 - === DASHBOARD ACCESSED ===
2025-10-27 10:07:23 - Loading required files
2025-10-27 10:07:23 - Required files loaded successfully
2025-10-27 10:07:23 - MpesaService loaded successfully
2025-10-27 10:07:23 - User ID: 1
2025-10-27 10:07:23 - User orders: 8, Events: 3
2025-10-27 10:07:23 - Rendering dashboard page
2025-10-27 10:07:30 - === DASHBOARD ACCESSED ===
2025-10-27 10:07:30 - Loading required files
2025-10-27 10:07:30 - Required files loaded successfully
2025-10-27 10:07:30 - MpesaService loaded successfully
2025-10-27 10:07:30 - User ID: 1
2025-10-27 10:07:30 - User orders: 8, Events: 3
2025-10-27 10:07:30 - Rendering dashboard page
2025-10-27 10:07:34 - === DASHBOARD ACCESSED ===
2025-10-27 10:07:34 - Loading required files
2025-10-27 10:07:34 - Required files loaded successfully
2025-10-27 10:07:34 - MpesaService loaded successfully
2025-10-27 10:07:34 - User ID: 1
2025-10-27 10:07:34 - User orders: 8, Events: 3
2025-10-27 10:07:34 - Rendering dashboard page
2025-10-27 10:07:40 - === DASHBOARD ACCESSED ===
2025-10-27 10:07:40 - Loading required files
2025-10-27 10:07:40 - Required files loaded successfully
2025-10-27 10:07:40 - MpesaService loaded successfully
2025-10-27 10:07:40 - User ID: 1
2025-10-27 10:07:40 - User orders: 8, Events: 3
2025-10-27 10:07:40 - Rendering dashboard page
2025-10-27 10:07:47 - === DASHBOARD ACCESSED ===
2025-10-27 10:07:47 - Loading required files
2025-10-27 10:07:47 - Required files loaded successfully
2025-10-27 10:07:47 - MpesaService loaded successfully
2025-10-27 10:07:47 - User ID: 1
2025-10-27 10:07:47 - User orders: 8, Events: 3
2025-10-27 10:07:47 - Rendering dashboard page
2025-10-27 10:07:53 - === DASHBOARD ACCESSED ===
2025-10-27 10:07:53 - Loading required files
2025-10-27 10:07:53 - Required files loaded successfully
2025-10-27 10:07:53 - MpesaService loaded successfully
2025-10-27 10:07:53 - User ID: 1
2025-10-27 10:07:53 - User orders: 8, Events: 3
2025-10-27 10:07:53 - Rendering dashboard page
2025-10-27 10:08:00 - === DASHBOARD ACCESSED ===
2025-10-27 10:08:00 - Loading required files
2025-10-27 10:08:00 - Required files loaded successfully
2025-10-27 10:08:00 - MpesaService loaded successfully
2025-10-27 10:08:00 - User ID: 1
2025-10-27 10:08:00 - User orders: 8, Events: 3
2025-10-27 10:08:00 - Rendering dashboard page
2025-10-27 10:08:04 - === DASHBOARD ACCESSED ===
2025-10-27 10:08:04 - Loading required files
2025-10-27 10:08:04 - Required files loaded successfully
2025-10-27 10:08:04 - MpesaService loaded successfully
2025-10-27 10:08:04 - User ID: 1
2025-10-27 10:08:04 - User orders: 8, Events: 3
2025-10-27 10:08:04 - Rendering dashboard page
2025-10-27 10:08:10 - === DASHBOARD ACCESSED ===
2025-10-27 10:08:10 - Loading required files
2025-10-27 10:08:10 - Required files loaded successfully
2025-10-27 10:08:10 - MpesaService loaded successfully
2025-10-27 10:08:10 - User ID: 1
2025-10-27 10:08:10 - User orders: 8, Events: 3
2025-10-27 10:08:10 - Rendering dashboard page
2025-10-27 10:08:17 - === DASHBOARD ACCESSED ===
2025-10-27 10:08:17 - Loading required files
2025-10-27 10:08:17 - Required files loaded successfully
2025-10-27 10:08:17 - MpesaService loaded successfully
2025-10-27 10:08:17 - User ID: 1
2025-10-27 10:08:17 - User orders: 8, Events: 3
2025-10-27 10:08:17 - Rendering dashboard page
2025-10-27 10:08:23 - === DASHBOARD ACCESSED ===
2025-10-27 10:08:23 - Loading required files
2025-10-27 10:08:23 - Required files loaded successfully
2025-10-27 10:08:23 - MpesaService loaded successfully
2025-10-27 10:08:23 - User ID: 1
2025-10-27 10:08:23 - User orders: 8, Events: 3
2025-10-27 10:08:23 - Rendering dashboard page
2025-10-27 10:08:30 - === DASHBOARD ACCESSED ===
2025-10-27 10:08:30 - Loading required files
2025-10-27 10:08:30 - Required files loaded successfully
2025-10-27 10:08:30 - MpesaService loaded successfully
2025-10-27 10:08:30 - User ID: 1
2025-10-27 10:08:30 - User orders: 8, Events: 3
2025-10-27 10:08:27 - Rendering dashboard page
2025-10-27 10:08:34 - === DASHBOARD ACCESSED ===
2025-10-27 10:08:34 - Loading required files
2025-10-27 10:08:34 - Required files loaded successfully
2025-10-27 10:08:34 - MpesaService loaded successfully
2025-10-27 10:08:34 - User ID: 1
2025-10-27 10:08:34 - User orders: 8, Events: 3
2025-10-27 10:08:34 - Rendering dashboard page
2025-10-27 10:08:40 - === DASHBOARD ACCESSED ===
2025-10-27 10:08:40 - Loading required files
2025-10-27 10:08:40 - Required files loaded successfully
2025-10-27 10:08:40 - MpesaService loaded successfully
2025-10-27 10:08:40 - User ID: 1
2025-10-27 10:08:40 - User orders: 8, Events: 3
2025-10-27 10:08:40 - Rendering dashboard page
2025-10-27 10:08:47 - === DASHBOARD ACCESSED ===
2025-10-27 10:08:47 - Loading required files
2025-10-27 10:08:47 - Required files loaded successfully
2025-10-27 10:08:47 - MpesaService loaded successfully
2025-10-27 10:08:47 - User ID: 1
2025-10-27 10:08:47 - User orders: 8, Events: 3
2025-10-27 10:08:47 - Rendering dashboard page
2025-10-27 10:08:53 - === DASHBOARD ACCESSED ===
2025-10-27 10:08:53 - Loading required files
2025-10-27 10:08:53 - Required files loaded successfully
2025-10-27 10:08:53 - MpesaService loaded successfully
2025-10-27 10:08:53 - User ID: 1
2025-10-27 10:08:53 - User orders: 8, Events: 3
2025-10-27 10:08:53 - Rendering dashboard page
2025-10-27 10:08:57 - === DASHBOARD ACCESSED ===
2025-10-27 10:08:57 - Loading required files
2025-10-27 10:08:57 - Required files loaded successfully
2025-10-27 10:08:57 - MpesaService loaded successfully
2025-10-27 10:08:57 - User ID: 1
2025-10-27 10:08:57 - User orders: 8, Events: 3
2025-10-27 10:08:57 - Rendering dashboard page
2025-10-27 10:09:04 - === DASHBOARD ACCESSED ===
2025-10-27 10:09:04 - Loading required files
2025-10-27 10:09:04 - Required files loaded successfully
2025-10-27 10:09:04 - MpesaService loaded successfully
2025-10-27 10:09:04 - User ID: 1
2025-10-27 10:09:04 - User orders: 8, Events: 3
2025-10-27 10:09:04 - Rendering dashboard page
2025-10-27 10:09:10 - === DASHBOARD ACCESSED ===
2025-10-27 10:09:10 - Loading required files
2025-10-27 10:09:10 - Required files loaded successfully
2025-10-27 10:09:10 - MpesaService loaded successfully
2025-10-27 10:09:10 - User ID: 1
2025-10-27 10:09:10 - User orders: 8, Events: 3
2025-10-27 10:09:10 - Rendering dashboard page
2025-10-27 10:09:17 - === DASHBOARD ACCESSED ===
2025-10-27 10:09:17 - Loading required files
2025-10-27 10:09:17 - Required files loaded successfully
2025-10-27 10:09:17 - MpesaService loaded successfully
2025-10-27 10:09:17 - User ID: 1
2025-10-27 10:09:17 - User orders: 8, Events: 3
2025-10-27 10:09:17 - Rendering dashboard page
2025-10-27 10:09:23 - === DASHBOARD ACCESSED ===
2025-10-27 10:09:23 - Loading required files
2025-10-27 10:09:23 - Required files loaded successfully
2025-10-27 10:09:23 - MpesaService loaded successfully
2025-10-27 10:09:23 - User ID: 1
2025-10-27 10:09:23 - User orders: 8, Events: 3
2025-10-27 10:09:23 - Rendering dashboard page
2025-10-27 10:09:27 - === DASHBOARD ACCESSED ===
2025-10-27 10:09:27 - Loading required files
2025-10-27 10:09:27 - Required files loaded successfully
2025-10-27 10:09:27 - MpesaService loaded successfully
2025-10-27 10:09:27 - User ID: 1
2025-10-27 10:09:27 - User orders: 8, Events: 3
2025-10-27 10:09:27 - Rendering dashboard page
2025-10-27 10:09:34 - === DASHBOARD ACCESSED ===
2025-10-27 10:09:34 - Loading required files
2025-10-27 10:09:34 - Required files loaded successfully
2025-10-27 10:09:34 - MpesaService loaded successfully
2025-10-27 10:09:34 - User ID: 1
2025-10-27 10:09:34 - User orders: 8, Events: 3
2025-10-27 10:09:34 - Rendering dashboard page
2025-10-27 10:09:40 - === DASHBOARD ACCESSED ===
2025-10-27 10:09:40 - Loading required files
2025-10-27 10:09:40 - Required files loaded successfully
2025-10-27 10:09:40 - MpesaService loaded successfully
2025-10-27 10:09:40 - User ID: 1
2025-10-27 10:09:40 - User orders: 8, Events: 3
2025-10-27 10:09:40 - Rendering dashboard page
2025-10-27 10:09:47 - === DASHBOARD ACCESSED ===
2025-10-27 10:09:47 - Loading required files
2025-10-27 10:09:47 - Required files loaded successfully
2025-10-27 10:09:47 - MpesaService loaded successfully
2025-10-27 10:09:47 - User ID: 1
2025-10-27 10:09:47 - User orders: 8, Events: 3
2025-10-27 10:09:47 - Rendering dashboard page
2025-10-27 10:09:53 - === DASHBOARD ACCESSED ===
2025-10-27 10:09:53 - Loading required files
2025-10-27 10:09:53 - Required files loaded successfully
2025-10-27 10:09:53 - MpesaService loaded successfully
2025-10-27 10:09:53 - User ID: 1
2025-10-27 10:09:53 - User orders: 8, Events: 3
2025-10-27 10:09:53 - Rendering dashboard page
2025-10-27 10:09:57 - === DASHBOARD ACCESSED ===
2025-10-27 10:09:57 - Loading required files
2025-10-27 10:09:57 - Required files loaded successfully
2025-10-27 10:09:57 - MpesaService loaded successfully
2025-10-27 10:09:57 - User ID: 1
2025-10-27 10:09:57 - User orders: 8, Events: 3
2025-10-27 10:09:57 - Rendering dashboard page
2025-10-27 10:10:04 - === DASHBOARD ACCESSED ===
2025-10-27 10:10:04 - Loading required files
2025-10-27 10:10:04 - Required files loaded successfully
2025-10-27 10:10:04 - MpesaService loaded successfully
2025-10-27 10:10:04 - User ID: 1
2025-10-27 10:10:04 - User orders: 8, Events: 3
2025-10-27 10:10:04 - Rendering dashboard page
2025-10-27 10:10:10 - === DASHBOARD ACCESSED ===
2025-10-27 10:10:10 - Loading required files
2025-10-27 10:10:10 - Required files loaded successfully
2025-10-27 10:10:10 - MpesaService loaded successfully
2025-10-27 10:10:10 - User ID: 1
2025-10-27 10:10:10 - User orders: 8, Events: 3
2025-10-27 10:10:10 - Rendering dashboard page
2025-10-27 10:10:17 - === DASHBOARD ACCESSED ===
2025-10-27 10:10:17 - Loading required files
2025-10-27 10:10:17 - Required files loaded successfully
2025-10-27 10:10:17 - MpesaService loaded successfully
2025-10-27 10:10:17 - User ID: 1
2025-10-27 10:10:17 - User orders: 8, Events: 3
2025-10-27 10:10:17 - Rendering dashboard page
2025-10-27 10:10:23 - === DASHBOARD ACCESSED ===
2025-10-27 10:10:23 - Loading required files
2025-10-27 10:10:23 - Required files loaded successfully
2025-10-27 10:10:23 - MpesaService loaded successfully
2025-10-27 10:10:23 - User ID: 1
2025-10-27 10:10:23 - User orders: 8, Events: 3
2025-10-27 10:10:23 - Rendering dashboard page
2025-10-27 10:10:27 - === DASHBOARD ACCESSED ===
2025-10-27 10:10:27 - Loading required files
2025-10-27 10:10:27 - Required files loaded successfully
2025-10-27 10:10:27 - MpesaService loaded successfully
2025-10-27 10:10:27 - User ID: 1
2025-10-27 10:10:27 - User orders: 8, Events: 3
2025-10-27 10:10:27 - Rendering dashboard page
2025-10-27 10:10:34 - === DASHBOARD ACCESSED ===
2025-10-27 10:10:34 - Loading required files
2025-10-27 10:10:34 - Required files loaded successfully
2025-10-27 10:10:34 - MpesaService loaded successfully
2025-10-27 10:10:34 - User ID: 1
2025-10-27 10:10:34 - User orders: 8, Events: 3
2025-10-27 10:10:34 - Rendering dashboard page
2025-10-27 10:10:40 - === DASHBOARD ACCESSED ===
2025-10-27 10:10:40 - Loading required files
2025-10-27 10:10:40 - Required files loaded successfully
2025-10-27 10:10:40 - MpesaService loaded successfully
2025-10-27 10:10:40 - User ID: 1
2025-10-27 10:10:40 - User orders: 8, Events: 3
2025-10-27 10:10:40 - Rendering dashboard page
2025-10-27 10:10:47 - === DASHBOARD ACCESSED ===
2025-10-27 10:10:47 - Loading required files
2025-10-27 10:10:47 - Required files loaded successfully
2025-10-27 10:10:47 - MpesaService loaded successfully
2025-10-27 10:10:47 - User ID: 1
2025-10-27 10:10:47 - User orders: 8, Events: 3
2025-10-27 10:10:47 - Rendering dashboard page
2025-10-27 10:10:53 - === DASHBOARD ACCESSED ===
2025-10-27 10:10:53 - Loading required files
2025-10-27 10:10:53 - Required files loaded successfully
2025-10-27 10:10:53 - MpesaService loaded successfully
2025-10-27 10:10:53 - User ID: 1
2025-10-27 10:10:53 - User orders: 8, Events: 3
2025-10-27 10:10:53 - Rendering dashboard page
2025-10-27 10:10:57 - === DASHBOARD ACCESSED ===
2025-10-27 10:10:57 - Loading required files
2025-10-27 10:10:57 - Required files loaded successfully
2025-10-27 10:10:57 - MpesaService loaded successfully
2025-10-27 10:10:57 - User ID: 1
2025-10-27 10:10:57 - User orders: 8, Events: 3
2025-10-27 10:10:57 - Rendering dashboard page
2025-10-27 10:11:04 - === DASHBOARD ACCESSED ===
2025-10-27 10:11:04 - Loading required files
2025-10-27 10:11:04 - Required files loaded successfully
2025-10-27 10:11:04 - MpesaService loaded successfully
2025-10-27 10:11:04 - User ID: 1
2025-10-27 10:11:04 - User orders: 8, Events: 3
2025-10-27 10:11:04 - Rendering dashboard page
2025-10-27 10:11:10 - === DASHBOARD ACCESSED ===
2025-10-27 10:11:10 - Loading required files
2025-10-27 10:11:10 - Required files loaded successfully
2025-10-27 10:11:10 - MpesaService loaded successfully
2025-10-27 10:11:10 - User ID: 1
2025-10-27 10:11:10 - User orders: 8, Events: 3
2025-10-27 10:11:10 - Rendering dashboard page
2025-10-27 10:11:17 - === DASHBOARD ACCESSED ===
2025-10-27 10:11:17 - Loading required files
2025-10-27 10:11:17 - Required files loaded successfully
2025-10-27 10:11:17 - MpesaService loaded successfully
2025-10-27 10:11:17 - User ID: 1
2025-10-27 10:11:17 - User orders: 8, Events: 3
2025-10-27 10:11:17 - Rendering dashboard page
2025-10-27 10:11:23 - === DASHBOARD ACCESSED ===
2025-10-27 10:11:23 - Loading required files
2025-10-27 10:11:23 - Required files loaded successfully
2025-10-27 10:11:23 - MpesaService loaded successfully
2025-10-27 10:11:23 - User ID: 1
2025-10-27 10:11:23 - User orders: 8, Events: 3
2025-10-27 10:11:23 - Rendering dashboard page
2025-10-27 10:11:27 - === DASHBOARD ACCESSED ===
2025-10-27 10:11:27 - Loading required files
2025-10-27 10:11:27 - Required files loaded successfully
2025-10-27 10:11:27 - MpesaService loaded successfully
2025-10-27 10:11:27 - User ID: 1
2025-10-27 10:11:27 - User orders: 8, Events: 3
2025-10-27 10:11:28 - Rendering dashboard page
2025-10-27 10:11:34 - === DASHBOARD ACCESSED ===
2025-10-27 10:11:34 - Loading required files
2025-10-27 10:11:34 - Required files loaded successfully
2025-10-27 10:11:34 - MpesaService loaded successfully
2025-10-27 10:11:34 - User ID: 1
2025-10-27 10:11:34 - User orders: 8, Events: 3
2025-10-27 10:11:34 - Rendering dashboard page
2025-10-27 10:11:40 - === DASHBOARD ACCESSED ===
2025-10-27 10:11:40 - Loading required files
2025-10-27 10:11:40 - Required files loaded successfully
2025-10-27 10:11:40 - MpesaService loaded successfully
2025-10-27 10:11:40 - User ID: 1
2025-10-27 10:11:40 - User orders: 8, Events: 3
2025-10-27 10:11:41 - Rendering dashboard page
2025-10-27 10:11:47 - === DASHBOARD ACCESSED ===
2025-10-27 10:11:47 - Loading required files
2025-10-27 10:11:47 - Required files loaded successfully
2025-10-27 10:11:47 - MpesaService loaded successfully
2025-10-27 10:11:47 - User ID: 1
2025-10-27 10:11:47 - User orders: 8, Events: 3
2025-10-27 10:11:47 - Rendering dashboard page
2025-10-27 10:11:53 - === DASHBOARD ACCESSED ===
2025-10-27 10:11:53 - Loading required files
2025-10-27 10:11:53 - Required files loaded successfully
2025-10-27 10:11:53 - MpesaService loaded successfully
2025-10-27 10:11:53 - User ID: 1
2025-10-27 10:11:53 - User orders: 8, Events: 3
2025-10-27 10:11:54 - Rendering dashboard page
2025-10-27 10:11:57 - === DASHBOARD ACCESSED ===
2025-10-27 10:11:57 - Loading required files
2025-10-27 10:11:57 - Required files loaded successfully
2025-10-27 10:11:57 - MpesaService loaded successfully
2025-10-27 10:11:57 - User ID: 1
2025-10-27 10:11:57 - User orders: 8, Events: 3
2025-10-27 10:11:57 - Rendering dashboard page
2025-10-27 10:12:04 - === DASHBOARD ACCESSED ===
2025-10-27 10:12:04 - Loading required files
2025-10-27 10:12:04 - Required files loaded successfully
2025-10-27 10:12:04 - MpesaService loaded successfully
2025-10-27 10:12:04 - User ID: 1
2025-10-27 10:12:04 - User orders: 8, Events: 3
2025-10-27 10:12:04 - Rendering dashboard page
2025-10-27 10:12:10 - === DASHBOARD ACCESSED ===
2025-10-27 10:12:10 - Loading required files
2025-10-27 10:12:10 - Required files loaded successfully
2025-10-27 10:12:10 - MpesaService loaded successfully
2025-10-27 10:12:10 - User ID: 1
2025-10-27 10:12:10 - User orders: 8, Events: 3
2025-10-27 10:12:10 - Rendering dashboard page
2025-10-27 10:12:17 - === DASHBOARD ACCESSED ===
2025-10-27 10:12:17 - Loading required files
2025-10-27 10:12:17 - Required files loaded successfully
2025-10-27 10:12:17 - MpesaService loaded successfully
2025-10-27 10:12:17 - User ID: 1
2025-10-27 10:12:17 - User orders: 8, Events: 3
2025-10-27 10:12:17 - Rendering dashboard page
2025-10-27 10:12:23 - === DASHBOARD ACCESSED ===
2025-10-27 10:12:23 - Loading required files
2025-10-27 10:12:23 - Required files loaded successfully
2025-10-27 10:12:23 - MpesaService loaded successfully
2025-10-27 10:12:23 - User ID: 1
2025-10-27 10:12:23 - User orders: 8, Events: 3
2025-10-27 10:12:23 - Rendering dashboard page
2025-10-27 10:12:27 - === DASHBOARD ACCESSED ===
2025-10-27 10:12:27 - Loading required files
2025-10-27 10:12:27 - Required files loaded successfully
2025-10-27 10:12:27 - MpesaService loaded successfully
2025-10-27 10:12:27 - User ID: 1
2025-10-27 10:12:27 - User orders: 8, Events: 3
2025-10-27 10:12:28 - Rendering dashboard page
2025-10-27 10:12:34 - === DASHBOARD ACCESSED ===
2025-10-27 10:12:34 - Loading required files
2025-10-27 10:12:34 - Required files loaded successfully
2025-10-27 10:12:34 - MpesaService loaded successfully
2025-10-27 10:12:34 - User ID: 1
2025-10-27 10:12:34 - User orders: 8, Events: 3
2025-10-27 10:12:34 - Rendering dashboard page
2025-10-27 10:12:40 - === DASHBOARD ACCESSED ===
2025-10-27 10:12:40 - Loading required files
2025-10-27 10:12:40 - Required files loaded successfully
2025-10-27 10:12:40 - MpesaService loaded successfully
2025-10-27 10:12:40 - User ID: 1
2025-10-27 10:12:40 - User orders: 8, Events: 3
2025-10-27 10:12:41 - Rendering dashboard page
2025-10-27 10:12:47 - === DASHBOARD ACCESSED ===
2025-10-27 10:12:47 - Loading required files
2025-10-27 10:12:47 - Required files loaded successfully
2025-10-27 10:12:47 - MpesaService loaded successfully
2025-10-27 10:12:47 - User ID: 1
2025-10-27 10:12:47 - User orders: 8, Events: 3
2025-10-27 10:12:47 - Rendering dashboard page
2025-10-27 10:12:53 - === DASHBOARD ACCESSED ===
2025-10-27 10:12:53 - Loading required files
2025-10-27 10:12:53 - Required files loaded successfully
2025-10-27 10:12:53 - MpesaService loaded successfully
2025-10-27 10:12:53 - User ID: 1
2025-10-27 10:12:53 - User orders: 8, Events: 3
2025-10-27 10:12:54 - Rendering dashboard page
2025-10-27 10:12:57 - === DASHBOARD ACCESSED ===
2025-10-27 10:12:57 - Loading required files
2025-10-27 10:12:57 - Required files loaded successfully
2025-10-27 10:12:57 - MpesaService loaded successfully
2025-10-27 10:12:57 - User ID: 1
2025-10-27 10:12:57 - User orders: 8, Events: 3
2025-10-27 10:12:58 - Rendering dashboard page
2025-10-27 10:13:04 - === DASHBOARD ACCESSED ===
2025-10-27 10:13:04 - Loading required files
2025-10-27 10:13:04 - Required files loaded successfully
2025-10-27 10:13:04 - MpesaService loaded successfully
2025-10-27 10:13:04 - User ID: 1
2025-10-27 10:13:04 - User orders: 8, Events: 3
2025-10-27 10:13:04 - Rendering dashboard page
2025-10-27 10:13:10 - === DASHBOARD ACCESSED ===
2025-10-27 10:13:10 - Loading required files
2025-10-27 10:13:10 - Required files loaded successfully
2025-10-27 10:13:10 - MpesaService loaded successfully
2025-10-27 10:13:10 - User ID: 1
2025-10-27 10:13:10 - User orders: 8, Events: 3
2025-10-27 10:13:11 - Rendering dashboard page
2025-10-27 10:13:17 - === DASHBOARD ACCESSED ===
2025-10-27 10:13:17 - Loading required files
2025-10-27 10:13:17 - Required files loaded successfully
2025-10-27 10:13:17 - MpesaService loaded successfully
2025-10-27 10:13:17 - User ID: 1
2025-10-27 10:13:17 - User orders: 8, Events: 3
2025-10-27 10:13:17 - Rendering dashboard page
2025-10-27 10:13:23 - === DASHBOARD ACCESSED ===
2025-10-27 10:13:23 - Loading required files
2025-10-27 10:13:23 - Required files loaded successfully
2025-10-27 10:13:23 - MpesaService loaded successfully
2025-10-27 10:13:23 - User ID: 1
2025-10-27 10:13:23 - User orders: 8, Events: 3
2025-10-27 10:13:24 - Rendering dashboard page
2025-10-27 10:13:27 - === DASHBOARD ACCESSED ===
2025-10-27 10:13:27 - Loading required files
2025-10-27 10:13:27 - Required files loaded successfully
2025-10-27 10:13:27 - MpesaService loaded successfully
2025-10-27 10:13:27 - User ID: 1
2025-10-27 10:13:28 - User orders: 8, Events: 3
2025-10-27 10:13:28 - Rendering dashboard page
2025-10-27 10:13:34 - === DASHBOARD ACCESSED ===
2025-10-27 10:13:34 - Loading required files
2025-10-27 10:13:34 - Required files loaded successfully
2025-10-27 10:13:34 - MpesaService loaded successfully
2025-10-27 10:13:34 - User ID: 1
2025-10-27 10:13:34 - User orders: 8, Events: 3
2025-10-27 10:13:34 - Rendering dashboard page
2025-10-27 10:13:40 - === DASHBOARD ACCESSED ===
2025-10-27 10:13:40 - Loading required files
2025-10-27 10:13:40 - Required files loaded successfully
2025-10-27 10:13:40 - MpesaService loaded successfully
2025-10-27 10:13:40 - User ID: 1
2025-10-27 10:13:41 - User orders: 8, Events: 3
2025-10-27 10:13:41 - Rendering dashboard page
2025-10-27 10:13:47 - === DASHBOARD ACCESSED ===
2025-10-27 10:13:47 - Loading required files
2025-10-27 10:13:47 - Required files loaded successfully
2025-10-27 10:13:47 - MpesaService loaded successfully
2025-10-27 10:13:47 - User ID: 1
2025-10-27 10:13:47 - User orders: 8, Events: 3
2025-10-27 10:13:47 - Rendering dashboard page
2025-10-27 10:13:53 - === DASHBOARD ACCESSED ===
2025-10-27 10:13:53 - Loading required files
2025-10-27 10:13:53 - Required files loaded successfully
2025-10-27 10:13:53 - MpesaService loaded successfully
2025-10-27 10:13:53 - User ID: 1
2025-10-27 10:13:54 - User orders: 8, Events: 3
2025-10-27 10:13:54 - Rendering dashboard page
2025-10-27 10:13:57 - === DASHBOARD ACCESSED ===
2025-10-27 10:13:57 - Loading required files
2025-10-27 10:13:57 - Required files loaded successfully
2025-10-27 10:13:57 - MpesaService loaded successfully
2025-10-27 10:13:57 - User ID: 1
2025-10-27 10:13:58 - User orders: 8, Events: 3
2025-10-27 10:13:58 - Rendering dashboard page
2025-10-27 10:14:04 - === DASHBOARD ACCESSED ===
2025-10-27 10:14:04 - Loading required files
2025-10-27 10:14:04 - Required files loaded successfully
2025-10-27 10:14:04 - MpesaService loaded successfully
2025-10-27 10:14:04 - User ID: 1
2025-10-27 10:14:04 - User orders: 8, Events: 3
2025-10-27 10:14:04 - Rendering dashboard page
2025-10-27 10:14:10 - === DASHBOARD ACCESSED ===
2025-10-27 10:14:10 - Loading required files
2025-10-27 10:14:10 - Required files loaded successfully
2025-10-27 10:14:10 - MpesaService loaded successfully
2025-10-27 10:14:10 - User ID: 1
2025-10-27 10:14:11 - User orders: 8, Events: 3
2025-10-27 10:14:11 - Rendering dashboard page
2025-10-27 10:14:17 - === DASHBOARD ACCESSED ===
2025-10-27 10:14:17 - Loading required files
2025-10-27 10:14:17 - Required files loaded successfully
2025-10-27 10:14:17 - MpesaService loaded successfully
2025-10-27 10:14:17 - User ID: 1
2025-10-27 10:14:17 - User orders: 8, Events: 3
2025-10-27 10:14:17 - Rendering dashboard page
2025-10-27 10:14:23 - === DASHBOARD ACCESSED ===
2025-10-27 10:14:23 - Loading required files
2025-10-27 10:14:23 - Required files loaded successfully
2025-10-27 10:14:23 - MpesaService loaded successfully
2025-10-27 10:14:23 - User ID: 1
2025-10-27 10:14:24 - User orders: 8, Events: 3
2025-10-27 10:14:24 - Rendering dashboard page
2025-10-27 10:14:27 - === DASHBOARD ACCESSED ===
2025-10-27 10:14:27 - Loading required files
2025-10-27 10:14:27 - Required files loaded successfully
2025-10-27 10:14:27 - MpesaService loaded successfully
2025-10-27 10:14:27 - User ID: 1
2025-10-27 10:14:28 - User orders: 8, Events: 3
2025-10-27 10:14:28 - Rendering dashboard page
2025-10-27 10:14:34 - === DASHBOARD ACCESSED ===
2025-10-27 10:14:34 - Loading required files
2025-10-27 10:14:34 - Required files loaded successfully
2025-10-27 10:14:34 - MpesaService loaded successfully
2025-10-27 10:14:34 - User ID: 1
2025-10-27 10:14:34 - User orders: 8, Events: 3
2025-10-27 10:14:34 - Rendering dashboard page
2025-10-27 10:14:40 - === DASHBOARD ACCESSED ===
2025-10-27 10:14:40 - Loading required files
2025-10-27 10:14:40 - Required files loaded successfully
2025-10-27 10:14:40 - MpesaService loaded successfully
2025-10-27 10:14:40 - User ID: 1
2025-10-27 10:14:40 - User orders: 8, Events: 3
2025-10-27 10:14:41 - Rendering dashboard page
2025-10-27 10:14:47 - === DASHBOARD ACCESSED ===
2025-10-27 10:14:47 - Loading required files
2025-10-27 10:14:47 - Required files loaded successfully
2025-10-27 10:14:47 - MpesaService loaded successfully
2025-10-27 10:14:47 - User ID: 1
2025-10-27 10:14:47 - User orders: 8, Events: 3
2025-10-27 10:14:47 - Rendering dashboard page
2025-10-27 10:14:53 - === DASHBOARD ACCESSED ===
2025-10-27 10:14:53 - Loading required files
2025-10-27 10:14:53 - Required files loaded successfully
2025-10-27 10:14:53 - MpesaService loaded successfully
2025-10-27 10:14:53 - User ID: 1
2025-10-27 10:14:53 - User orders: 8, Events: 3
2025-10-27 10:14:53 - Rendering dashboard page
2025-10-27 10:14:57 - === DASHBOARD ACCESSED ===
2025-10-27 10:14:57 - Loading required files
2025-10-27 10:14:57 - Required files loaded successfully
2025-10-27 10:14:57 - MpesaService loaded successfully
2025-10-27 10:14:57 - User ID: 1
2025-10-27 10:14:58 - User orders: 8, Events: 3
2025-10-27 10:14:58 - Rendering dashboard page
2025-10-27 10:15:04 - === DASHBOARD ACCESSED ===
2025-10-27 10:15:04 - Loading required files
2025-10-27 10:15:04 - Required files loaded successfully
2025-10-27 10:15:04 - MpesaService loaded successfully
2025-10-27 10:15:04 - User ID: 1
2025-10-27 10:15:04 - User orders: 8, Events: 3
2025-10-27 10:15:04 - Rendering dashboard page
2025-10-27 10:15:10 - === DASHBOARD ACCESSED ===
2025-10-27 10:15:10 - Loading required files
2025-10-27 10:15:10 - Required files loaded successfully
2025-10-27 10:15:10 - MpesaService loaded successfully
2025-10-27 10:15:10 - User ID: 1
2025-10-27 10:15:11 - User orders: 8, Events: 3
2025-10-27 10:15:11 - Rendering dashboard page
2025-10-27 10:15:17 - === DASHBOARD ACCESSED ===
2025-10-27 10:15:17 - Loading required files
2025-10-27 10:15:17 - Required files loaded successfully
2025-10-27 10:15:17 - MpesaService loaded successfully
2025-10-27 10:15:17 - User ID: 1
2025-10-27 10:15:17 - User orders: 8, Events: 3
2025-10-27 10:15:17 - Rendering dashboard page
2025-10-27 10:15:23 - === DASHBOARD ACCESSED ===
2025-10-27 10:15:23 - Loading required files
2025-10-27 10:15:23 - Required files loaded successfully
2025-10-27 10:15:23 - MpesaService loaded successfully
2025-10-27 10:15:23 - User ID: 1
2025-10-27 10:15:24 - User orders: 8, Events: 3
2025-10-27 10:15:24 - Rendering dashboard page
2025-10-27 10:15:27 - === DASHBOARD ACCESSED ===
2025-10-27 10:15:27 - Loading required files
2025-10-27 10:15:27 - Required files loaded successfully
2025-10-27 10:15:27 - MpesaService loaded successfully
2025-10-27 10:15:28 - User ID: 1
2025-10-27 10:15:28 - User orders: 8, Events: 3
2025-10-27 10:15:28 - Rendering dashboard page
2025-10-27 10:15:34 - === DASHBOARD ACCESSED ===
2025-10-27 10:15:34 - Loading required files
2025-10-27 10:15:34 - Required files loaded successfully
2025-10-27 10:15:34 - MpesaService loaded successfully
2025-10-27 10:15:34 - User ID: 1
2025-10-27 10:15:34 - User orders: 8, Events: 3
2025-10-27 10:15:34 - Rendering dashboard page
2025-10-27 10:15:40 - === DASHBOARD ACCESSED ===
2025-10-27 10:15:40 - Loading required files
2025-10-27 10:15:40 - Required files loaded successfully
2025-10-27 10:15:40 - MpesaService loaded successfully
2025-10-27 10:15:40 - User ID: 1
2025-10-27 10:15:41 - User orders: 8, Events: 3
2025-10-27 10:15:41 - Rendering dashboard page
2025-10-27 10:15:47 - === DASHBOARD ACCESSED ===
2025-10-27 10:15:47 - Loading required files
2025-10-27 10:15:47 - Required files loaded successfully
2025-10-27 10:15:47 - MpesaService loaded successfully
2025-10-27 10:15:47 - User ID: 1
2025-10-27 10:15:47 - User orders: 8, Events: 3
2025-10-27 10:15:47 - Rendering dashboard page
2025-10-27 10:15:53 - === DASHBOARD ACCESSED ===
2025-10-27 10:15:53 - Loading required files
2025-10-27 10:15:53 - Required files loaded successfully
2025-10-27 10:15:53 - MpesaService loaded successfully
2025-10-27 10:15:53 - User ID: 1
2025-10-27 10:15:54 - User orders: 8, Events: 3
2025-10-27 10:15:54 - Rendering dashboard page
2025-10-27 10:15:57 - === DASHBOARD ACCESSED ===
2025-10-27 10:15:57 - Loading required files
2025-10-27 10:15:57 - Required files loaded successfully
2025-10-27 10:15:58 - MpesaService loaded successfully
2025-10-27 10:15:58 - User ID: 1
2025-10-27 10:15:58 - User orders: 8, Events: 3
2025-10-27 10:15:58 - Rendering dashboard page
2025-10-27 10:16:04 - === DASHBOARD ACCESSED ===
2025-10-27 10:16:04 - Loading required files
2025-10-27 10:16:04 - Required files loaded successfully
2025-10-27 10:16:04 - MpesaService loaded successfully
2025-10-27 10:16:04 - User ID: 1
2025-10-27 10:16:04 - User orders: 8, Events: 3
2025-10-27 10:16:04 - Rendering dashboard page
2025-10-27 10:16:10 - === DASHBOARD ACCESSED ===
2025-10-27 10:16:10 - Loading required files
2025-10-27 10:16:10 - Required files loaded successfully
2025-10-27 10:16:11 - MpesaService loaded successfully
2025-10-27 10:16:11 - User ID: 1
2025-10-27 10:16:11 - User orders: 8, Events: 3
2025-10-27 10:16:11 - Rendering dashboard page
2025-10-27 10:16:17 - === DASHBOARD ACCESSED ===
2025-10-27 10:16:17 - Loading required files
2025-10-27 10:16:17 - Required files loaded successfully
2025-10-27 10:16:17 - MpesaService loaded successfully
2025-10-27 10:16:17 - User ID: 1
2025-10-27 10:16:17 - User orders: 8, Events: 3
2025-10-27 10:16:17 - Rendering dashboard page
2025-10-27 10:16:23 - === DASHBOARD ACCESSED ===
2025-10-27 10:16:23 - Loading required files
2025-10-27 10:16:23 - Required files loaded successfully
2025-10-27 10:16:24 - MpesaService loaded successfully
2025-10-27 10:16:24 - User ID: 1
2025-10-27 10:16:24 - User orders: 8, Events: 3
2025-10-27 10:16:24 - Rendering dashboard page
2025-10-27 10:16:27 - === DASHBOARD ACCESSED ===
2025-10-27 10:16:27 - Loading required files
2025-10-27 10:16:27 - Required files loaded successfully
2025-10-27 10:16:27 - MpesaService loaded successfully
2025-10-27 10:16:27 - User ID: 1
2025-10-27 10:16:28 - User orders: 8, Events: 3
2025-10-27 10:16:28 - Rendering dashboard page
2025-10-27 10:16:34 - === DASHBOARD ACCESSED ===
2025-10-27 10:16:34 - Loading required files
2025-10-27 10:16:34 - Required files loaded successfully
2025-10-27 10:16:34 - MpesaService loaded successfully
2025-10-27 10:16:34 - User ID: 1
2025-10-27 10:16:34 - User orders: 8, Events: 3
2025-10-27 10:16:34 - Rendering dashboard page
2025-10-27 10:16:40 - === DASHBOARD ACCESSED ===
2025-10-27 10:16:40 - Loading required files
2025-10-27 10:16:40 - Required files loaded successfully
2025-10-27 10:16:40 - MpesaService loaded successfully
2025-10-27 10:16:41 - User ID: 1
2025-10-27 10:16:41 - User orders: 8, Events: 3
2025-10-27 10:16:41 - Rendering dashboard page
2025-10-27 10:16:47 - === DASHBOARD ACCESSED ===
2025-10-27 10:16:47 - Loading required files
2025-10-27 10:16:47 - Required files loaded successfully
2025-10-27 10:16:47 - MpesaService loaded successfully
2025-10-27 10:16:47 - User ID: 1
2025-10-27 10:16:47 - User orders: 8, Events: 3
2025-10-27 10:16:47 - Rendering dashboard page
2025-10-27 10:16:53 - === DASHBOARD ACCESSED ===
2025-10-27 10:16:53 - Loading required files
2025-10-27 10:16:53 - Required files loaded successfully
2025-10-27 10:16:53 - MpesaService loaded successfully
2025-10-27 10:16:53 - User ID: 1
2025-10-27 10:16:54 - User orders: 8, Events: 3
2025-10-27 10:16:54 - Rendering dashboard page
2025-10-27 10:16:57 - === DASHBOARD ACCESSED ===
2025-10-27 10:16:57 - Loading required files
2025-10-27 10:16:58 - Required files loaded successfully
2025-10-27 10:16:58 - MpesaService loaded successfully
2025-10-27 10:16:58 - User ID: 1
2025-10-27 10:16:58 - User orders: 8, Events: 3
2025-10-27 10:16:58 - Rendering dashboard page
2025-10-27 10:17:04 - === DASHBOARD ACCESSED ===
2025-10-27 10:17:04 - Loading required files
2025-10-27 10:17:04 - Required files loaded successfully
2025-10-27 10:17:04 - MpesaService loaded successfully
2025-10-27 10:17:04 - User ID: 1
2025-10-27 10:17:04 - User orders: 8, Events: 3
2025-10-27 10:17:04 - Rendering dashboard page
2025-10-27 10:17:10 - === DASHBOARD ACCESSED ===
2025-10-27 10:17:10 - Loading required files
2025-10-27 10:17:11 - Required files loaded successfully
2025-10-27 10:17:11 - MpesaService loaded successfully
2025-10-27 10:17:11 - User ID: 1
2025-10-27 10:17:11 - User orders: 8, Events: 3
2025-10-27 10:17:11 - Rendering dashboard page
2025-10-27 10:17:17 - === DASHBOARD ACCESSED ===
2025-10-27 10:17:17 - Loading required files
2025-10-27 10:17:17 - Required files loaded successfully
2025-10-27 10:17:17 - MpesaService loaded successfully
2025-10-27 10:17:17 - User ID: 1
2025-10-27 10:17:17 - User orders: 8, Events: 3
2025-10-27 10:17:17 - Rendering dashboard page
2025-10-27 10:17:23 - === DASHBOARD ACCESSED ===
2025-10-27 10:17:23 - Loading required files
2025-10-27 10:17:24 - Required files loaded successfully
2025-10-27 10:17:24 - MpesaService loaded successfully
2025-10-27 10:17:24 - User ID: 1
2025-10-27 10:17:24 - User orders: 8, Events: 3
2025-10-27 10:17:24 - Rendering dashboard page
2025-10-27 10:17:27 - === DASHBOARD ACCESSED ===
2025-10-27 10:17:27 - Loading required files
2025-10-27 10:17:28 - Required files loaded successfully
2025-10-27 10:17:28 - MpesaService loaded successfully
2025-10-27 10:17:28 - User ID: 1
2025-10-27 10:17:28 - User orders: 8, Events: 3
2025-10-27 10:17:28 - Rendering dashboard page
2025-10-27 10:17:34 - === DASHBOARD ACCESSED ===
2025-10-27 10:17:34 - Loading required files
2025-10-27 10:17:34 - Required files loaded successfully
2025-10-27 10:17:34 - MpesaService loaded successfully
2025-10-27 10:17:34 - User ID: 1
2025-10-27 10:17:34 - User orders: 8, Events: 3
2025-10-27 10:17:34 - Rendering dashboard page
2025-10-27 10:17:40 - === DASHBOARD ACCESSED ===
2025-10-27 10:17:40 - Loading required files
2025-10-27 10:17:41 - Required files loaded successfully
2025-10-27 10:17:41 - MpesaService loaded successfully
2025-10-27 10:17:41 - User ID: 1
2025-10-27 10:17:41 - User orders: 8, Events: 3
2025-10-27 10:17:41 - Rendering dashboard page
2025-10-27 10:17:46 - === DASHBOARD ACCESSED ===
2025-10-27 10:17:46 - Loading required files
2025-10-27 10:17:47 - Required files loaded successfully
2025-10-27 10:17:47 - MpesaService loaded successfully
2025-10-27 10:17:47 - User ID: 1
2025-10-27 10:17:47 - User orders: 8, Events: 3
2025-10-27 10:17:47 - Rendering dashboard page
2025-10-27 10:19:49 - === DASHBOARD ACCESSED ===
2025-10-27 10:19:49 - Loading required files
2025-10-27 10:19:49 - Required files loaded successfully
2025-10-27 10:19:49 - MpesaService loaded successfully
2025-10-27 10:19:49 - User ID: 1
2025-10-27 10:19:49 - User orders: 8, Events: 3
2025-10-27 10:19:49 - Rendering dashboard page
2025-10-27 10:19:55 - === DASHBOARD ACCESSED ===
2025-10-27 10:19:55 - Loading required files
2025-10-27 10:19:55 - Required files loaded successfully
2025-10-27 10:19:55 - MpesaService loaded successfully
2025-10-27 10:19:55 - User ID: 1
2025-10-27 10:19:55 - User orders: 8, Events: 3
2025-10-27 10:19:55 - Rendering dashboard page
2025-10-27 10:20:01 - === DASHBOARD ACCESSED ===
2025-10-27 10:20:01 - Loading required files
2025-10-27 10:20:01 - Required files loaded successfully
2025-10-27 10:20:01 - MpesaService loaded successfully
2025-10-27 10:20:01 - User ID: 1
2025-10-27 10:20:01 - User orders: 8, Events: 3
2025-10-27 10:20:01 - Rendering dashboard page
2025-10-27 10:20:07 - === DASHBOARD ACCESSED ===
2025-10-27 10:20:07 - Loading required files
2025-10-27 10:20:07 - Required files loaded successfully
2025-10-27 10:20:07 - MpesaService loaded successfully
2025-10-27 10:20:07 - User ID: 1
2025-10-27 10:20:07 - User orders: 8, Events: 3
2025-10-27 10:20:08 - Rendering dashboard page
2025-10-27 10:20:14 - === DASHBOARD ACCESSED ===
2025-10-27 10:20:14 - Loading required files
2025-10-27 10:20:14 - Required files loaded successfully
2025-10-27 10:20:14 - MpesaService loaded successfully
2025-10-27 10:20:14 - User ID: 1
2025-10-27 10:20:14 - User orders: 8, Events: 3
2025-10-27 10:20:14 - Rendering dashboard page
2025-10-27 10:20:19 - === DASHBOARD ACCESSED ===
2025-10-27 10:20:19 - Loading required files
2025-10-27 10:20:19 - Required files loaded successfully
2025-10-27 10:20:19 - MpesaService loaded successfully
2025-10-27 10:20:19 - User ID: 1
2025-10-27 10:20:19 - User orders: 8, Events: 3
2025-10-27 10:20:19 - Rendering dashboard page
2025-10-27 10:20:26 - === DASHBOARD ACCESSED ===
2025-10-27 10:20:26 - Loading required files
2025-10-27 10:20:26 - Required files loaded successfully
2025-10-27 10:20:26 - MpesaService loaded successfully
2025-10-27 10:20:26 - User ID: 1
2025-10-27 10:20:26 - User orders: 8, Events: 3
2025-10-27 10:20:26 - Rendering dashboard page
2025-10-27 10:20:32 - === DASHBOARD ACCESSED ===
2025-10-27 10:20:32 - Loading required files
2025-10-27 10:20:32 - Required files loaded successfully
2025-10-27 10:20:32 - MpesaService loaded successfully
2025-10-27 10:20:32 - User ID: 1
2025-10-27 10:20:32 - User orders: 8, Events: 3
2025-10-27 10:20:32 - Rendering dashboard page
2025-10-27 10:20:39 - === DASHBOARD ACCESSED ===
2025-10-27 10:20:39 - Loading required files
2025-10-27 10:20:39 - Required files loaded successfully
2025-10-27 10:20:39 - MpesaService loaded successfully
2025-10-27 10:20:39 - User ID: 1
2025-10-27 10:20:39 - User orders: 8, Events: 3
2025-10-27 10:20:39 - Rendering dashboard page
2025-10-27 10:20:45 - === DASHBOARD ACCESSED ===
2025-10-27 10:20:45 - Loading required files
2025-10-27 10:20:45 - Required files loaded successfully
2025-10-27 10:20:45 - MpesaService loaded successfully
2025-10-27 10:20:45 - User ID: 1
2025-10-27 10:20:45 - User orders: 8, Events: 3
2025-10-27 10:20:45 - Rendering dashboard page
2025-10-27 10:20:49 - === DASHBOARD ACCESSED ===
2025-10-27 10:20:49 - Loading required files
2025-10-27 10:20:49 - Required files loaded successfully
2025-10-27 10:20:49 - MpesaService loaded successfully
2025-10-27 10:20:49 - User ID: 1
2025-10-27 10:20:49 - User orders: 8, Events: 3
2025-10-27 10:20:49 - Rendering dashboard page
2025-10-27 10:20:56 - === DASHBOARD ACCESSED ===
2025-10-27 10:20:56 - Loading required files
2025-10-27 10:20:56 - Required files loaded successfully
2025-10-27 10:20:56 - MpesaService loaded successfully
2025-10-27 10:20:56 - User ID: 1
2025-10-27 10:20:56 - User orders: 8, Events: 3
2025-10-27 10:20:56 - Rendering dashboard page
2025-10-27 10:21:02 - === DASHBOARD ACCESSED ===
2025-10-27 10:21:02 - Loading required files
2025-10-27 10:21:02 - Required files loaded successfully
2025-10-27 10:21:02 - MpesaService loaded successfully
2025-10-27 10:21:02 - User ID: 1
2025-10-27 10:21:02 - User orders: 8, Events: 3
2025-10-27 10:21:02 - Rendering dashboard page
2025-10-27 10:21:08 - === DASHBOARD ACCESSED ===
2025-10-27 10:21:08 - Loading required files
2025-10-27 10:21:08 - Required files loaded successfully
2025-10-27 10:21:09 - MpesaService loaded successfully
2025-10-27 10:21:09 - User ID: 1
2025-10-27 10:21:09 - User orders: 8, Events: 3
2025-10-27 10:21:09 - Rendering dashboard page
2025-10-27 10:21:15 - === DASHBOARD ACCESSED ===
2025-10-27 10:21:15 - Loading required files
2025-10-27 10:21:15 - Required files loaded successfully
2025-10-27 10:21:15 - MpesaService loaded successfully
2025-10-27 10:21:15 - User ID: 1
2025-10-27 10:21:15 - User orders: 8, Events: 3
2025-10-27 10:21:15 - Rendering dashboard page
2025-10-27 10:21:19 - === DASHBOARD ACCESSED ===
2025-10-27 10:21:19 - Loading required files
2025-10-27 10:21:19 - Required files loaded successfully
2025-10-27 10:21:19 - MpesaService loaded successfully
2025-10-27 10:21:19 - User ID: 1
2025-10-27 10:21:19 - User orders: 8, Events: 3
2025-10-27 10:21:19 - Rendering dashboard page
2025-10-27 10:21:26 - === DASHBOARD ACCESSED ===
2025-10-27 10:21:26 - Loading required files
2025-10-27 10:21:26 - Required files loaded successfully
2025-10-27 10:21:26 - MpesaService loaded successfully
2025-10-27 10:21:26 - User ID: 1
2025-10-27 10:21:26 - User orders: 8, Events: 3
2025-10-27 10:21:26 - Rendering dashboard page
2025-10-27 10:21:32 - === DASHBOARD ACCESSED ===
2025-10-27 10:21:32 - Loading required files
2025-10-27 10:21:32 - Required files loaded successfully
2025-10-27 10:21:32 - MpesaService loaded successfully
2025-10-27 10:21:32 - User ID: 1
2025-10-27 10:21:32 - User orders: 8, Events: 3
2025-10-27 10:21:32 - Rendering dashboard page
2025-10-27 10:21:39 - === DASHBOARD ACCESSED ===
2025-10-27 10:21:39 - Loading required files
2025-10-27 10:21:39 - Required files loaded successfully
2025-10-27 10:21:39 - MpesaService loaded successfully
2025-10-27 10:21:39 - User ID: 1
2025-10-27 10:21:39 - User orders: 8, Events: 3
2025-10-27 10:21:39 - Rendering dashboard page
2025-10-27 10:21:45 - === DASHBOARD ACCESSED ===
2025-10-27 10:21:45 - Loading required files
2025-10-27 10:21:45 - Required files loaded successfully
2025-10-27 10:21:45 - MpesaService loaded successfully
2025-10-27 10:21:45 - User ID: 1
2025-10-27 10:21:45 - User orders: 8, Events: 3
2025-10-27 10:21:45 - Rendering dashboard page
2025-10-27 10:21:49 - === DASHBOARD ACCESSED ===
2025-10-27 10:21:49 - Loading required files
2025-10-27 10:21:49 - Required files loaded successfully
2025-10-27 10:21:49 - MpesaService loaded successfully
2025-10-27 10:21:49 - User ID: 1
2025-10-27 10:21:49 - User orders: 8, Events: 3
2025-10-27 10:21:49 - Rendering dashboard page
2025-10-27 10:21:56 - === DASHBOARD ACCESSED ===
2025-10-27 10:21:56 - Loading required files
2025-10-27 10:21:56 - Required files loaded successfully
2025-10-27 10:21:56 - MpesaService loaded successfully
2025-10-27 10:21:56 - User ID: 1
2025-10-27 10:21:56 - User orders: 8, Events: 3
2025-10-27 10:21:56 - Rendering dashboard page
2025-10-27 10:22:02 - === DASHBOARD ACCESSED ===
2025-10-27 10:22:02 - Loading required files
2025-10-27 10:22:02 - Required files loaded successfully
2025-10-27 10:22:02 - MpesaService loaded successfully
2025-10-27 10:22:02 - User ID: 1
2025-10-27 10:22:02 - User orders: 8, Events: 3
2025-10-27 10:22:02 - Rendering dashboard page
2025-10-27 10:22:09 - === DASHBOARD ACCESSED ===
2025-10-27 10:22:09 - Loading required files
2025-10-27 10:22:09 - Required files loaded successfully
2025-10-27 10:22:09 - MpesaService loaded successfully
2025-10-27 10:22:09 - User ID: 1
2025-10-27 10:22:09 - User orders: 8, Events: 3
2025-10-27 10:22:09 - Rendering dashboard page
2025-10-27 10:22:15 - === DASHBOARD ACCESSED ===
2025-10-27 10:22:15 - Loading required files
2025-10-27 10:22:15 - Required files loaded successfully
2025-10-27 10:22:15 - MpesaService loaded successfully
2025-10-27 10:22:15 - User ID: 1
2025-10-27 10:22:15 - User orders: 8, Events: 3
2025-10-27 10:22:15 - Rendering dashboard page
2025-10-27 10:22:19 - === DASHBOARD ACCESSED ===
2025-10-27 10:22:19 - Loading required files
2025-10-27 10:22:19 - Required files loaded successfully
2025-10-27 10:22:19 - MpesaService loaded successfully
2025-10-27 10:22:19 - User ID: 1
2025-10-27 10:22:19 - User orders: 8, Events: 3
2025-10-27 10:22:19 - Rendering dashboard page
2025-10-27 10:22:26 - === DASHBOARD ACCESSED ===
2025-10-27 10:22:26 - Loading required files
2025-10-27 10:22:26 - Required files loaded successfully
2025-10-27 10:22:26 - MpesaService loaded successfully
2025-10-27 10:22:26 - User ID: 1
2025-10-27 10:22:26 - User orders: 8, Events: 3
2025-10-27 10:22:26 - Rendering dashboard page
2025-10-27 10:22:32 - === DASHBOARD ACCESSED ===
2025-10-27 10:22:32 - Loading required files
2025-10-27 10:22:32 - Required files loaded successfully
2025-10-27 10:22:32 - MpesaService loaded successfully
2025-10-27 10:22:32 - User ID: 1
2025-10-27 10:22:32 - User orders: 8, Events: 3
2025-10-27 10:22:32 - Rendering dashboard page
2025-10-27 10:22:38 - === DASHBOARD ACCESSED ===
2025-10-27 10:22:38 - Loading required files
2025-10-27 10:22:38 - Required files loaded successfully
2025-10-27 10:22:38 - MpesaService loaded successfully
2025-10-27 10:22:38 - User ID: 1
2025-10-27 10:22:38 - User orders: 8, Events: 3
2025-10-27 10:22:39 - Rendering dashboard page
2025-10-27 10:22:45 - === DASHBOARD ACCESSED ===
2025-10-27 10:22:45 - Loading required files
2025-10-27 10:22:45 - Required files loaded successfully
2025-10-27 10:22:45 - MpesaService loaded successfully
2025-10-27 10:22:45 - User ID: 1
2025-10-27 10:22:45 - User orders: 8, Events: 3
2025-10-27 10:22:45 - Rendering dashboard page
2025-10-27 10:22:49 - === DASHBOARD ACCESSED ===
2025-10-27 10:22:49 - Loading required files
2025-10-27 10:22:49 - Required files loaded successfully
2025-10-27 10:22:49 - MpesaService loaded successfully
2025-10-27 10:22:49 - User ID: 1
2025-10-27 10:22:49 - User orders: 8, Events: 3
2025-10-27 10:22:49 - Rendering dashboard page
2025-10-27 10:22:56 - === DASHBOARD ACCESSED ===
2025-10-27 10:22:56 - Loading required files
2025-10-27 10:22:56 - Required files loaded successfully
2025-10-27 10:22:56 - MpesaService loaded successfully
2025-10-27 10:22:56 - User ID: 1
2025-10-27 10:22:56 - User orders: 8, Events: 3
2025-10-27 10:22:56 - Rendering dashboard page
2025-10-27 10:22:57 - === DASHBOARD ACCESSED ===
2025-10-27 10:22:57 - Loading required files
2025-10-27 10:22:57 - Required files loaded successfully
2025-10-27 10:22:58 - MpesaService loaded successfully
2025-10-27 10:22:58 - User ID: 1
2025-10-27 10:22:58 - User orders: 8, Events: 3
2025-10-27 10:22:58 - Rendering dashboard page
2025-10-27 10:25:58 - === DASHBOARD ACCESSED ===
2025-10-27 10:25:58 - Loading required files
2025-10-27 10:25:58 - Required files loaded successfully
2025-10-27 10:25:58 - MpesaService loaded successfully
2025-10-27 10:25:58 - User ID: 1
2025-10-27 10:25:58 - User orders: 8, Events: 3
2025-10-27 10:25:58 - Rendering dashboard page
2025-10-27 10:26:04 - === DASHBOARD ACCESSED ===
2025-10-27 10:26:04 - Loading required files
2025-10-27 10:26:04 - Required files loaded successfully
2025-10-27 10:26:04 - MpesaService loaded successfully
2025-10-27 10:26:04 - User ID: 1
2025-10-27 10:26:04 - User orders: 8, Events: 3
2025-10-27 10:26:04 - Rendering dashboard page
2025-10-27 10:26:10 - === DASHBOARD ACCESSED ===
2025-10-27 10:26:10 - Loading required files
2025-10-27 10:26:10 - Required files loaded successfully
2025-10-27 10:26:10 - MpesaService loaded successfully
2025-10-27 10:26:10 - User ID: 1
2025-10-27 10:26:10 - User orders: 8, Events: 3
2025-10-27 10:26:10 - Rendering dashboard page
2025-10-27 10:26:16 - === DASHBOARD ACCESSED ===
2025-10-27 10:26:16 - Loading required files
2025-10-27 10:26:16 - Required files loaded successfully
2025-10-27 10:26:16 - MpesaService loaded successfully
2025-10-27 10:26:16 - User ID: 1
2025-10-27 10:26:16 - User orders: 8, Events: 3
2025-10-27 10:26:16 - Rendering dashboard page
2025-10-27 10:26:22 - === DASHBOARD ACCESSED ===
2025-10-27 10:26:22 - Loading required files
2025-10-27 10:26:22 - Required files loaded successfully
2025-10-27 10:26:22 - MpesaService loaded successfully
2025-10-27 10:26:23 - User ID: 1
2025-10-27 10:26:23 - User orders: 8, Events: 3
2025-10-27 10:26:23 - Rendering dashboard page
2025-10-27 10:26:29 - === DASHBOARD ACCESSED ===
2025-10-27 10:26:29 - Loading required files
2025-10-27 10:26:29 - Required files loaded successfully
2025-10-27 10:26:29 - MpesaService loaded successfully
2025-10-27 10:26:29 - User ID: 1
2025-10-27 10:26:29 - User orders: 8, Events: 3
2025-10-27 10:26:29 - Rendering dashboard page
2025-10-27 10:26:35 - === DASHBOARD ACCESSED ===
2025-10-27 10:26:35 - Loading required files
2025-10-27 10:26:35 - Required files loaded successfully
2025-10-27 10:26:35 - MpesaService loaded successfully
2025-10-27 10:26:35 - User ID: 1
2025-10-27 10:26:35 - User orders: 8, Events: 3
2025-10-27 10:26:35 - Rendering dashboard page
2025-10-27 10:26:41 - === DASHBOARD ACCESSED ===
2025-10-27 10:26:41 - Loading required files
2025-10-27 10:26:41 - Required files loaded successfully
2025-10-27 10:26:41 - MpesaService loaded successfully
2025-10-27 10:26:41 - User ID: 1
2025-10-27 10:26:41 - User orders: 8, Events: 3
2025-10-27 10:26:41 - Rendering dashboard page
2025-10-27 10:26:48 - === DASHBOARD ACCESSED ===
2025-10-27 10:26:48 - Loading required files
2025-10-27 10:26:48 - Required files loaded successfully
2025-10-27 10:26:48 - MpesaService loaded successfully
2025-10-27 10:26:48 - User ID: 1
2025-10-27 10:26:48 - User orders: 8, Events: 3
2025-10-27 10:26:48 - Rendering dashboard page
2025-10-27 10:26:54 - === DASHBOARD ACCESSED ===
2025-10-27 10:26:54 - Loading required files
2025-10-27 10:26:54 - Required files loaded successfully
2025-10-27 10:26:54 - MpesaService loaded successfully
2025-10-27 10:26:54 - User ID: 1
2025-10-27 10:26:54 - User orders: 8, Events: 3
2025-10-27 10:26:54 - Rendering dashboard page
2025-10-27 10:27:01 - === DASHBOARD ACCESSED ===
2025-10-27 10:27:01 - Loading required files
2025-10-27 10:27:01 - Required files loaded successfully
2025-10-27 10:27:01 - MpesaService loaded successfully
2025-10-27 10:27:01 - User ID: 1
2025-10-27 10:27:01 - User orders: 8, Events: 3
2025-10-27 10:27:01 - Rendering dashboard page
2025-10-27 10:27:04 - === DASHBOARD ACCESSED ===
2025-10-27 10:27:04 - Loading required files
2025-10-27 10:27:04 - Required files loaded successfully
2025-10-27 10:27:04 - MpesaService loaded successfully
2025-10-27 10:27:04 - User ID: 1
2025-10-27 10:27:04 - User orders: 8, Events: 3
2025-10-27 10:27:04 - Rendering dashboard page
2025-10-27 10:27:10 - === DASHBOARD ACCESSED ===
2025-10-27 10:27:10 - Loading required files
2025-10-27 10:27:11 - Required files loaded successfully
2025-10-27 10:27:11 - MpesaService loaded successfully
2025-10-27 10:27:11 - User ID: 1
2025-10-27 10:27:11 - User orders: 8, Events: 3
2025-10-27 10:27:11 - Rendering dashboard page
2025-10-27 10:27:17 - === DASHBOARD ACCESSED ===
2025-10-27 10:27:17 - Loading required files
2025-10-27 10:27:17 - Required files loaded successfully
2025-10-27 10:27:17 - MpesaService loaded successfully
2025-10-27 10:27:17 - User ID: 1
2025-10-27 10:27:17 - User orders: 8, Events: 3
2025-10-27 10:27:17 - Rendering dashboard page
2025-10-27 10:27:23 - === DASHBOARD ACCESSED ===
2025-10-27 10:27:23 - Loading required files
2025-10-27 10:27:23 - Required files loaded successfully
2025-10-27 10:27:24 - MpesaService loaded successfully
2025-10-27 10:27:24 - User ID: 1
2025-10-27 10:27:24 - User orders: 8, Events: 3
2025-10-27 10:27:24 - Rendering dashboard page
2025-10-27 10:27:30 - === DASHBOARD ACCESSED ===
2025-10-27 10:27:30 - Loading required files
2025-10-27 10:27:30 - Required files loaded successfully
2025-10-27 10:27:30 - MpesaService loaded successfully
2025-10-27 10:27:30 - User ID: 1
2025-10-27 10:27:30 - User orders: 8, Events: 3
2025-10-27 10:27:30 - Rendering dashboard page
2025-10-27 10:27:35 - === DASHBOARD ACCESSED ===
2025-10-27 10:27:35 - Loading required files
2025-10-27 10:27:35 - Required files loaded successfully
2025-10-27 10:27:35 - MpesaService loaded successfully
2025-10-27 10:27:35 - User ID: 1
2025-10-27 10:27:35 - User orders: 8, Events: 3
2025-10-27 10:27:35 - Rendering dashboard page
2025-10-27 10:27:41 - === DASHBOARD ACCESSED ===
2025-10-27 10:27:41 - Loading required files
2025-10-27 10:27:41 - Required files loaded successfully
2025-10-27 10:27:41 - MpesaService loaded successfully
2025-10-27 10:27:41 - User ID: 1
2025-10-27 10:27:41 - User orders: 8, Events: 3
2025-10-27 10:27:41 - Rendering dashboard page
2025-10-27 10:27:48 - === DASHBOARD ACCESSED ===
2025-10-27 10:27:48 - Loading required files
2025-10-27 10:27:48 - Required files loaded successfully
2025-10-27 10:27:48 - MpesaService loaded successfully
2025-10-27 10:27:48 - User ID: 1
2025-10-27 10:27:48 - User orders: 8, Events: 3
2025-10-27 10:27:48 - Rendering dashboard page
2025-10-27 10:27:54 - === DASHBOARD ACCESSED ===
2025-10-27 10:27:54 - Loading required files
2025-10-27 10:27:54 - Required files loaded successfully
2025-10-27 10:27:54 - MpesaService loaded successfully
2025-10-27 10:27:54 - User ID: 1
2025-10-27 10:27:54 - User orders: 8, Events: 3
2025-10-27 10:27:54 - Rendering dashboard page
2025-10-27 10:28:01 - === DASHBOARD ACCESSED ===
2025-10-27 10:28:01 - Loading required files
2025-10-27 10:28:01 - Required files loaded successfully
2025-10-27 10:28:01 - MpesaService loaded successfully
2025-10-27 10:28:01 - User ID: 1
2025-10-27 10:28:01 - User orders: 8, Events: 3
2025-10-27 10:28:01 - Rendering dashboard page
2025-10-27 10:28:05 - === DASHBOARD ACCESSED ===
2025-10-27 10:28:05 - Loading required files
2025-10-27 10:28:05 - Required files loaded successfully
2025-10-27 10:28:05 - MpesaService loaded successfully
2025-10-27 10:28:05 - User ID: 1
2025-10-27 10:28:05 - User orders: 8, Events: 3
2025-10-27 10:28:05 - Rendering dashboard page
2025-10-27 10:28:11 - === DASHBOARD ACCESSED ===
2025-10-27 10:28:11 - Loading required files
2025-10-27 10:28:11 - Required files loaded successfully
2025-10-27 10:28:11 - MpesaService loaded successfully
2025-10-27 10:28:11 - User ID: 1
2025-10-27 10:28:11 - User orders: 8, Events: 3
2025-10-27 10:28:11 - Rendering dashboard page
2025-10-27 10:28:17 - === DASHBOARD ACCESSED ===
2025-10-27 10:28:17 - Loading required files
2025-10-27 10:28:17 - Required files loaded successfully
2025-10-27 10:28:17 - MpesaService loaded successfully
2025-10-27 10:28:18 - User ID: 1
2025-10-27 10:28:18 - User orders: 8, Events: 3
2025-10-27 10:28:18 - Rendering dashboard page
2025-10-27 10:28:24 - === DASHBOARD ACCESSED ===
2025-10-27 10:28:24 - Loading required files
2025-10-27 10:28:24 - Required files loaded successfully
2025-10-27 10:28:24 - MpesaService loaded successfully
2025-10-27 10:28:24 - User ID: 1
2025-10-27 10:28:24 - User orders: 8, Events: 3
2025-10-27 10:28:24 - Rendering dashboard page
2025-10-27 10:28:30 - === DASHBOARD ACCESSED ===
2025-10-27 10:28:30 - Loading required files
2025-10-27 10:28:30 - Required files loaded successfully
2025-10-27 10:28:30 - MpesaService loaded successfully
2025-10-27 10:28:31 - User ID: 1
2025-10-27 10:28:31 - User orders: 8, Events: 3
2025-10-27 10:28:31 - Rendering dashboard page
2025-10-27 10:28:35 - === DASHBOARD ACCESSED ===
2025-10-27 10:28:35 - Loading required files
2025-10-27 10:28:35 - Required files loaded successfully
2025-10-27 10:28:35 - MpesaService loaded successfully
2025-10-27 10:28:35 - User ID: 1
2025-10-27 10:28:35 - User orders: 8, Events: 3
2025-10-27 10:28:35 - Rendering dashboard page
2025-10-27 10:28:41 - === DASHBOARD ACCESSED ===
2025-10-27 10:28:41 - Loading required files
2025-10-27 10:28:41 - Required files loaded successfully
2025-10-27 10:28:41 - MpesaService loaded successfully
2025-10-27 10:28:41 - User ID: 1
2025-10-27 10:28:41 - User orders: 8, Events: 3
2025-10-27 10:28:41 - Rendering dashboard page
2025-10-27 10:28:47 - === DASHBOARD ACCESSED ===
2025-10-27 10:28:47 - Loading required files
2025-10-27 10:28:48 - Required files loaded successfully
2025-10-27 10:28:48 - MpesaService loaded successfully
2025-10-27 10:28:48 - User ID: 1
2025-10-27 10:28:48 - User orders: 8, Events: 3
2025-10-27 10:28:48 - Rendering dashboard page
2025-10-27 10:28:54 - === DASHBOARD ACCESSED ===
2025-10-27 10:28:54 - Loading required files
2025-10-27 10:28:54 - Required files loaded successfully
2025-10-27 10:28:54 - MpesaService loaded successfully
2025-10-27 10:28:54 - User ID: 1
2025-10-27 10:28:54 - User orders: 8, Events: 3
2025-10-27 10:28:54 - Rendering dashboard page
2025-10-27 10:29:00 - === DASHBOARD ACCESSED ===
2025-10-27 10:29:00 - Loading required files
2025-10-27 10:29:01 - Required files loaded successfully
2025-10-27 10:29:01 - MpesaService loaded successfully
2025-10-27 10:29:01 - User ID: 1
2025-10-27 10:29:01 - User orders: 8, Events: 3
2025-10-27 10:29:01 - Rendering dashboard page
2025-10-27 10:29:05 - === DASHBOARD ACCESSED ===
2025-10-27 10:29:05 - Loading required files
2025-10-27 10:29:05 - Required files loaded successfully
2025-10-27 10:29:05 - MpesaService loaded successfully
2025-10-27 10:29:05 - User ID: 1
2025-10-27 10:29:05 - User orders: 8, Events: 3
2025-10-27 10:29:05 - Rendering dashboard page
2025-10-27 10:29:11 - === DASHBOARD ACCESSED ===
2025-10-27 10:29:11 - Loading required files
2025-10-27 10:29:11 - Required files loaded successfully
2025-10-27 10:29:11 - MpesaService loaded successfully
2025-10-27 10:29:11 - User ID: 1
2025-10-27 10:29:11 - User orders: 8, Events: 3
2025-10-27 10:29:11 - Rendering dashboard page
2025-10-27 10:29:18 - === DASHBOARD ACCESSED ===
2025-10-27 10:29:18 - Loading required files
2025-10-27 10:29:18 - Required files loaded successfully
2025-10-27 10:29:18 - MpesaService loaded successfully
2025-10-27 10:29:18 - User ID: 1
2025-10-27 10:29:18 - User orders: 8, Events: 3
2025-10-27 10:29:18 - Rendering dashboard page
2025-10-27 10:29:24 - === DASHBOARD ACCESSED ===
2025-10-27 10:29:24 - Loading required files
2025-10-27 10:29:24 - Required files loaded successfully
2025-10-27 10:29:24 - MpesaService loaded successfully
2025-10-27 10:29:24 - User ID: 1
2025-10-27 10:29:24 - User orders: 8, Events: 3
2025-10-27 10:29:24 - Rendering dashboard page
2025-10-27 10:29:31 - === DASHBOARD ACCESSED ===
2025-10-27 10:29:31 - Loading required files
2025-10-27 10:29:31 - Required files loaded successfully
2025-10-27 10:29:31 - MpesaService loaded successfully
2025-10-27 10:29:31 - User ID: 1
2025-10-27 10:29:31 - User orders: 8, Events: 3
2025-10-27 10:29:31 - Rendering dashboard page
2025-10-27 10:29:35 - === DASHBOARD ACCESSED ===
2025-10-27 10:29:35 - Loading required files
2025-10-27 10:29:35 - Required files loaded successfully
2025-10-27 10:29:35 - MpesaService loaded successfully
2025-10-27 10:29:35 - User ID: 1
2025-10-27 10:29:35 - User orders: 8, Events: 3
2025-10-27 10:29:35 - Rendering dashboard page
2025-10-27 10:29:41 - === DASHBOARD ACCESSED ===
2025-10-27 10:29:41 - Loading required files
2025-10-27 10:29:41 - Required files loaded successfully
2025-10-27 10:29:41 - MpesaService loaded successfully
2025-10-27 10:29:41 - User ID: 1
2025-10-27 10:29:41 - User orders: 8, Events: 3
2025-10-27 10:29:41 - Rendering dashboard page
2025-10-27 10:29:47 - === DASHBOARD ACCESSED ===
2025-10-27 10:29:47 - Loading required files
2025-10-27 10:29:47 - Required files loaded successfully
2025-10-27 10:29:47 - MpesaService loaded successfully
2025-10-27 10:29:47 - User ID: 1
2025-10-27 10:29:48 - User orders: 8, Events: 3
2025-10-27 10:29:48 - Rendering dashboard page
2025-10-27 10:29:54 - === DASHBOARD ACCESSED ===
2025-10-27 10:29:54 - Loading required files
2025-10-27 10:29:54 - Required files loaded successfully
2025-10-27 10:29:54 - MpesaService loaded successfully
2025-10-27 10:29:54 - User ID: 1
2025-10-27 10:29:54 - User orders: 8, Events: 3
2025-10-27 10:29:54 - Rendering dashboard page
2025-10-27 10:30:00 - === DASHBOARD ACCESSED ===
2025-10-27 10:30:00 - Loading required files
2025-10-27 10:30:00 - Required files loaded successfully
2025-10-27 10:30:00 - MpesaService loaded successfully
2025-10-27 10:30:00 - User ID: 1
2025-10-27 10:30:01 - User orders: 8, Events: 3
2025-10-27 10:30:01 - Rendering dashboard page
2025-10-27 10:30:05 - === DASHBOARD ACCESSED ===
2025-10-27 10:30:05 - Loading required files
2025-10-27 10:30:05 - Required files loaded successfully
2025-10-27 10:30:05 - MpesaService loaded successfully
2025-10-27 10:30:05 - User ID: 1
2025-10-27 10:30:05 - User orders: 8, Events: 3
2025-10-27 10:30:05 - Rendering dashboard page
2025-10-27 10:30:11 - === DASHBOARD ACCESSED ===
2025-10-27 10:30:11 - Loading required files
2025-10-27 10:30:11 - Required files loaded successfully
2025-10-27 10:30:11 - MpesaService loaded successfully
2025-10-27 10:30:11 - User ID: 1
2025-10-27 10:30:11 - User orders: 8, Events: 3
2025-10-27 10:30:11 - Rendering dashboard page
2025-10-27 10:30:18 - === DASHBOARD ACCESSED ===
2025-10-27 10:30:18 - Loading required files
2025-10-27 10:30:18 - Required files loaded successfully
2025-10-27 10:30:18 - MpesaService loaded successfully
2025-10-27 10:30:18 - User ID: 1
2025-10-27 10:30:18 - User orders: 8, Events: 3
2025-10-27 10:30:18 - Rendering dashboard page
2025-10-27 10:30:24 - === DASHBOARD ACCESSED ===
2025-10-27 10:30:24 - Loading required files
2025-10-27 10:30:24 - Required files loaded successfully
2025-10-27 10:30:24 - MpesaService loaded successfully
2025-10-27 10:30:24 - User ID: 1
2025-10-27 10:30:24 - User orders: 8, Events: 3
2025-10-27 10:30:24 - Rendering dashboard page
2025-10-27 10:30:31 - === DASHBOARD ACCESSED ===
2025-10-27 10:30:31 - Loading required files
2025-10-27 10:30:31 - Required files loaded successfully
2025-10-27 10:30:31 - MpesaService loaded successfully
2025-10-27 10:30:31 - User ID: 1
2025-10-27 10:30:31 - User orders: 8, Events: 3
2025-10-27 10:30:31 - Rendering dashboard page
2025-10-27 10:31:45 - === DASHBOARD ACCESSED ===
2025-10-27 10:31:45 - Loading required files
2025-10-27 10:31:45 - Required files loaded successfully
2025-10-27 10:31:45 - MpesaService loaded successfully
2025-10-27 10:31:45 - User ID: 1
2025-10-27 10:31:45 - User orders: 8, Events: 3
2025-10-27 10:31:45 - Rendering dashboard page
2025-10-27 10:31:51 - === DASHBOARD ACCESSED ===
2025-10-27 10:31:51 - Loading required files
2025-10-27 10:31:51 - Required files loaded successfully
2025-10-27 10:31:51 - MpesaService loaded successfully
2025-10-27 10:31:51 - User ID: 1
2025-10-27 10:31:51 - User orders: 8, Events: 3
2025-10-27 10:31:51 - Rendering dashboard page
2025-10-27 10:31:57 - === DASHBOARD ACCESSED ===
2025-10-27 10:31:57 - Loading required files
2025-10-27 10:31:57 - Required files loaded successfully
2025-10-27 10:31:57 - MpesaService loaded successfully
2025-10-27 10:31:57 - User ID: 1
2025-10-27 10:31:57 - User orders: 8, Events: 3
2025-10-27 10:31:57 - Rendering dashboard page
2025-10-27 10:32:03 - === DASHBOARD ACCESSED ===
2025-10-27 10:32:03 - Loading required files
2025-10-27 10:32:03 - Required files loaded successfully
2025-10-27 10:32:03 - MpesaService loaded successfully
2025-10-27 10:32:03 - User ID: 1
2025-10-27 10:32:03 - User orders: 8, Events: 3
2025-10-27 10:32:03 - Rendering dashboard page
2025-10-27 10:32:09 - === DASHBOARD ACCESSED ===
2025-10-27 10:32:09 - Loading required files
2025-10-27 10:32:09 - Required files loaded successfully
2025-10-27 10:32:09 - MpesaService loaded successfully
2025-10-27 10:32:09 - User ID: 1
2025-10-27 10:32:09 - User orders: 8, Events: 3
2025-10-27 10:32:09 - Rendering dashboard page
2025-10-27 10:32:15 - === DASHBOARD ACCESSED ===
2025-10-27 10:32:15 - Loading required files
2025-10-27 10:32:15 - Required files loaded successfully
2025-10-27 10:32:15 - MpesaService loaded successfully
2025-10-27 10:32:15 - User ID: 1
2025-10-27 10:32:15 - User orders: 8, Events: 3
2025-10-27 10:32:15 - Rendering dashboard page
2025-10-27 10:32:21 - === DASHBOARD ACCESSED ===
2025-10-27 10:32:21 - Loading required files
2025-10-27 10:32:21 - Required files loaded successfully
2025-10-27 10:32:21 - MpesaService loaded successfully
2025-10-27 10:32:21 - User ID: 1
2025-10-27 10:32:21 - User orders: 8, Events: 3
2025-10-27 10:32:21 - Rendering dashboard page
2025-10-27 10:32:27 - === DASHBOARD ACCESSED ===
2025-10-27 10:32:27 - Loading required files
2025-10-27 10:32:27 - Required files loaded successfully
2025-10-27 10:32:27 - MpesaService loaded successfully
2025-10-27 10:32:27 - User ID: 1
2025-10-27 10:32:27 - User orders: 8, Events: 3
2025-10-27 10:32:27 - Rendering dashboard page
2025-10-27 10:32:33 - === DASHBOARD ACCESSED ===
2025-10-27 10:32:33 - Loading required files
2025-10-27 10:32:33 - Required files loaded successfully
2025-10-27 10:32:33 - MpesaService loaded successfully
2025-10-27 10:32:33 - User ID: 1
2025-10-27 10:32:33 - User orders: 8, Events: 3
2025-10-27 10:32:33 - Rendering dashboard page
2025-10-27 10:32:39 - === DASHBOARD ACCESSED ===
2025-10-27 10:32:39 - Loading required files
2025-10-27 10:32:39 - Required files loaded successfully
2025-10-27 10:32:39 - MpesaService loaded successfully
2025-10-27 10:32:39 - User ID: 1
2025-10-27 10:32:39 - User orders: 8, Events: 3
2025-10-27 10:32:39 - Rendering dashboard page
2025-10-27 10:32:45 - === DASHBOARD ACCESSED ===
2025-10-27 10:32:45 - Loading required files
2025-10-27 10:32:45 - Required files loaded successfully
2025-10-27 10:32:45 - MpesaService loaded successfully
2025-10-27 10:32:45 - User ID: 1
2025-10-27 10:32:45 - User orders: 8, Events: 3
2025-10-27 10:32:45 - Rendering dashboard page
2025-10-27 10:32:51 - === DASHBOARD ACCESSED ===
2025-10-27 10:32:51 - Loading required files
2025-10-27 10:32:51 - Required files loaded successfully
2025-10-27 10:32:51 - MpesaService loaded successfully
2025-10-27 10:32:51 - User ID: 1
2025-10-27 10:32:51 - User orders: 8, Events: 3
2025-10-27 10:32:51 - Rendering dashboard page
2025-10-27 10:32:58 - === DASHBOARD ACCESSED ===
2025-10-27 10:32:58 - Loading required files
2025-10-27 10:32:58 - Required files loaded successfully
2025-10-27 10:32:58 - MpesaService loaded successfully
2025-10-27 10:32:58 - User ID: 1
2025-10-27 10:32:58 - User orders: 8, Events: 3
2025-10-27 10:32:58 - Rendering dashboard page
2025-10-27 10:33:04 - === DASHBOARD ACCESSED ===
2025-10-27 10:33:04 - Loading required files
2025-10-27 10:33:04 - Required files loaded successfully
2025-10-27 10:33:04 - MpesaService loaded successfully
2025-10-27 10:33:04 - User ID: 1
2025-10-27 10:33:04 - User orders: 8, Events: 3
2025-10-27 10:33:04 - Rendering dashboard page
2025-10-27 10:33:11 - === DASHBOARD ACCESSED ===
2025-10-27 10:33:11 - Loading required files
2025-10-27 10:33:11 - Required files loaded successfully
2025-10-27 10:33:11 - MpesaService loaded successfully
2025-10-27 10:33:11 - User ID: 1
2025-10-27 10:33:11 - User orders: 8, Events: 3
2025-10-27 10:33:11 - Rendering dashboard page
2025-10-27 10:33:17 - === DASHBOARD ACCESSED ===
2025-10-27 10:33:17 - Loading required files
2025-10-27 10:33:17 - Required files loaded successfully
2025-10-27 10:33:17 - MpesaService loaded successfully
2025-10-27 10:33:17 - User ID: 1
2025-10-27 10:33:17 - User orders: 8, Events: 3
2025-10-27 10:33:17 - Rendering dashboard page
2025-10-27 10:33:21 - === DASHBOARD ACCESSED ===
2025-10-27 10:33:21 - Loading required files
2025-10-27 10:33:21 - Required files loaded successfully
2025-10-27 10:33:21 - MpesaService loaded successfully
2025-10-27 10:33:21 - User ID: 1
2025-10-27 10:33:21 - User orders: 8, Events: 3
2025-10-27 10:33:21 - Rendering dashboard page
2025-10-27 10:33:28 - === DASHBOARD ACCESSED ===
2025-10-27 10:33:28 - Loading required files
2025-10-27 10:33:28 - Required files loaded successfully
2025-10-27 10:33:28 - MpesaService loaded successfully
2025-10-27 10:33:28 - User ID: 1
2025-10-27 10:33:28 - User orders: 8, Events: 3
2025-10-27 10:33:28 - Rendering dashboard page
2025-10-27 10:33:34 - === DASHBOARD ACCESSED ===
2025-10-27 10:33:34 - Loading required files
2025-10-27 10:33:34 - Required files loaded successfully
2025-10-27 10:33:34 - MpesaService loaded successfully
2025-10-27 10:33:34 - User ID: 1
2025-10-27 10:33:34 - User orders: 8, Events: 3
2025-10-27 10:33:34 - Rendering dashboard page
2025-10-27 10:33:40 - === DASHBOARD ACCESSED ===
2025-10-27 10:33:40 - Loading required files
2025-10-27 10:33:40 - Required files loaded successfully
2025-10-27 10:33:40 - MpesaService loaded successfully
2025-10-27 10:33:40 - User ID: 1
2025-10-27 10:33:40 - User orders: 8, Events: 3
2025-10-27 10:33:40 - Rendering dashboard page
2025-10-27 10:33:47 - === DASHBOARD ACCESSED ===
2025-10-27 10:33:47 - Loading required files
2025-10-27 10:33:47 - Required files loaded successfully
2025-10-27 10:33:47 - MpesaService loaded successfully
2025-10-27 10:33:47 - User ID: 1
2025-10-27 10:33:47 - User orders: 8, Events: 3
2025-10-27 10:33:47 - Rendering dashboard page
2025-10-27 10:33:51 - === DASHBOARD ACCESSED ===
2025-10-27 10:33:51 - Loading required files
2025-10-27 10:33:51 - Required files loaded successfully
2025-10-27 10:33:51 - MpesaService loaded successfully
2025-10-27 10:33:51 - User ID: 1
2025-10-27 10:33:51 - User orders: 8, Events: 3
2025-10-27 10:33:51 - Rendering dashboard page
2025-10-27 10:33:58 - === DASHBOARD ACCESSED ===
2025-10-27 10:33:58 - Loading required files
2025-10-27 10:33:58 - Required files loaded successfully
2025-10-27 10:33:58 - MpesaService loaded successfully
2025-10-27 10:33:58 - User ID: 1
2025-10-27 10:33:58 - User orders: 8, Events: 3
2025-10-27 10:33:58 - Rendering dashboard page
2025-10-27 10:34:04 - === DASHBOARD ACCESSED ===
2025-10-27 10:34:04 - Loading required files
2025-10-27 10:34:04 - Required files loaded successfully
2025-10-27 10:34:04 - MpesaService loaded successfully
2025-10-27 10:34:04 - User ID: 1
2025-10-27 10:34:04 - User orders: 8, Events: 3
2025-10-27 10:34:04 - Rendering dashboard page
2025-10-27 10:34:11 - === DASHBOARD ACCESSED ===
2025-10-27 10:34:11 - Loading required files
2025-10-27 10:34:11 - Required files loaded successfully
2025-10-27 10:34:11 - MpesaService loaded successfully
2025-10-27 10:34:11 - User ID: 1
2025-10-27 10:34:11 - User orders: 8, Events: 3
2025-10-27 10:34:11 - Rendering dashboard page
2025-10-27 10:34:17 - === DASHBOARD ACCESSED ===
2025-10-27 10:34:17 - Loading required files
2025-10-27 10:34:17 - Required files loaded successfully
2025-10-27 10:34:17 - MpesaService loaded successfully
2025-10-27 10:34:17 - User ID: 1
2025-10-27 10:34:17 - User orders: 8, Events: 3
2025-10-27 10:34:17 - Rendering dashboard page
2025-10-27 10:34:21 - === DASHBOARD ACCESSED ===
2025-10-27 10:34:21 - Loading required files
2025-10-27 10:34:21 - Required files loaded successfully
2025-10-27 10:34:21 - MpesaService loaded successfully
2025-10-27 10:34:21 - User ID: 1
2025-10-27 10:34:21 - User orders: 8, Events: 3
2025-10-27 10:34:21 - Rendering dashboard page
2025-10-27 10:34:28 - === DASHBOARD ACCESSED ===
2025-10-27 10:34:28 - Loading required files
2025-10-27 10:34:28 - Required files loaded successfully
2025-10-27 10:34:28 - MpesaService loaded successfully
2025-10-27 10:34:28 - User ID: 1
2025-10-27 10:34:28 - User orders: 8, Events: 3
2025-10-27 10:34:28 - Rendering dashboard page
2025-10-27 10:34:34 - === DASHBOARD ACCESSED ===
2025-10-27 10:34:34 - Loading required files
2025-10-27 10:34:34 - Required files loaded successfully
2025-10-27 10:34:34 - MpesaService loaded successfully
2025-10-27 10:34:34 - User ID: 1
2025-10-27 10:34:34 - User orders: 8, Events: 3
2025-10-27 10:34:34 - Rendering dashboard page
2025-10-27 10:34:41 - === DASHBOARD ACCESSED ===
2025-10-27 10:34:41 - Loading required files
2025-10-27 10:34:41 - Required files loaded successfully
2025-10-27 10:34:41 - MpesaService loaded successfully
2025-10-27 10:34:41 - User ID: 1
2025-10-27 10:34:41 - User orders: 8, Events: 3
2025-10-27 10:34:41 - Rendering dashboard page
2025-10-27 10:34:47 - === DASHBOARD ACCESSED ===
2025-10-27 10:34:47 - Loading required files
2025-10-27 10:34:47 - Required files loaded successfully
2025-10-27 10:34:47 - MpesaService loaded successfully
2025-10-27 10:34:47 - User ID: 1
2025-10-27 10:34:47 - User orders: 8, Events: 3
2025-10-27 10:34:47 - Rendering dashboard page
2025-10-27 10:34:51 - === DASHBOARD ACCESSED ===
2025-10-27 10:34:51 - Loading required files
2025-10-27 10:34:51 - Required files loaded successfully
2025-10-27 10:34:51 - MpesaService loaded successfully
2025-10-27 10:34:51 - User ID: 1
2025-10-27 10:34:51 - User orders: 8, Events: 3
2025-10-27 10:34:51 - Rendering dashboard page
2025-10-27 10:34:57 - === DASHBOARD ACCESSED ===
2025-10-27 10:34:57 - Loading required files
2025-10-27 10:34:57 - Required files loaded successfully
2025-10-27 10:34:57 - MpesaService loaded successfully
2025-10-27 10:34:57 - User ID: 1
2025-10-27 10:34:57 - User orders: 8, Events: 3
2025-10-27 10:34:57 - Rendering dashboard page
2025-10-27 10:35:03 - === DASHBOARD ACCESSED ===
2025-10-27 10:35:03 - Loading required files
2025-10-27 10:35:03 - Required files loaded successfully
2025-10-27 10:35:03 - MpesaService loaded successfully
2025-10-27 10:35:03 - User ID: 1
2025-10-27 10:35:03 - User orders: 8, Events: 3
2025-10-27 10:35:03 - Rendering dashboard page
2025-10-27 10:35:10 - === DASHBOARD ACCESSED ===
2025-10-27 10:35:10 - Loading required files
2025-10-27 10:35:10 - Required files loaded successfully
2025-10-27 10:35:10 - MpesaService loaded successfully
2025-10-27 10:35:10 - User ID: 1
2025-10-27 10:35:10 - User orders: 8, Events: 3
2025-10-27 10:35:10 - Rendering dashboard page
2025-10-27 10:35:16 - === DASHBOARD ACCESSED ===
2025-10-27 10:35:16 - Loading required files
2025-10-27 10:35:16 - Required files loaded successfully
2025-10-27 10:35:16 - MpesaService loaded successfully
2025-10-27 10:35:16 - User ID: 1
2025-10-27 10:35:16 - User orders: 8, Events: 3
2025-10-27 10:35:16 - Rendering dashboard page
2025-10-27 10:35:21 - === DASHBOARD ACCESSED ===
2025-10-27 10:35:21 - Loading required files
2025-10-27 10:35:21 - Required files loaded successfully
2025-10-27 10:35:21 - MpesaService loaded successfully
2025-10-27 10:35:21 - User ID: 1
2025-10-27 10:35:21 - User orders: 8, Events: 3
2025-10-27 10:35:21 - Rendering dashboard page
2025-10-27 10:35:28 - === DASHBOARD ACCESSED ===
2025-10-27 10:35:28 - Loading required files
2025-10-27 10:35:28 - Required files loaded successfully
2025-10-27 10:35:28 - MpesaService loaded successfully
2025-10-27 10:35:28 - User ID: 1
2025-10-27 10:35:28 - User orders: 8, Events: 3
2025-10-27 10:35:28 - Rendering dashboard page
2025-10-27 10:35:34 - === DASHBOARD ACCESSED ===
2025-10-27 10:35:34 - Loading required files
2025-10-27 10:35:34 - Required files loaded successfully
2025-10-27 10:35:34 - MpesaService loaded successfully
2025-10-27 10:35:34 - User ID: 1
2025-10-27 10:35:34 - User orders: 8, Events: 3
2025-10-27 10:35:34 - Rendering dashboard page
2025-10-27 10:35:41 - === DASHBOARD ACCESSED ===
2025-10-27 10:35:41 - Loading required files
2025-10-27 10:35:41 - Required files loaded successfully
2025-10-27 10:35:41 - MpesaService loaded successfully
2025-10-27 10:35:41 - User ID: 1
2025-10-27 10:35:41 - User orders: 8, Events: 3
2025-10-27 10:35:41 - Rendering dashboard page
2025-10-27 10:35:47 - === DASHBOARD ACCESSED ===
2025-10-27 10:35:47 - Loading required files
2025-10-27 10:35:47 - Required files loaded successfully
2025-10-27 10:35:47 - MpesaService loaded successfully
2025-10-27 10:35:47 - User ID: 1
2025-10-27 10:35:47 - User orders: 8, Events: 3
2025-10-27 10:35:47 - Rendering dashboard page
2025-10-27 10:35:51 - === DASHBOARD ACCESSED ===
2025-10-27 10:35:51 - Loading required files
2025-10-27 10:35:51 - Required files loaded successfully
2025-10-27 10:35:51 - MpesaService loaded successfully
2025-10-27 10:35:51 - User ID: 1
2025-10-27 10:35:51 - User orders: 8, Events: 3
2025-10-27 10:35:51 - Rendering dashboard page
2025-10-27 10:35:58 - === DASHBOARD ACCESSED ===
2025-10-27 10:35:58 - Loading required files
2025-10-27 10:35:58 - Required files loaded successfully
2025-10-27 10:35:58 - MpesaService loaded successfully
2025-10-27 10:35:58 - User ID: 1
2025-10-27 10:35:58 - User orders: 8, Events: 3
2025-10-27 10:35:58 - Rendering dashboard page
2025-10-27 10:36:04 - === DASHBOARD ACCESSED ===
2025-10-27 10:36:04 - Loading required files
2025-10-27 10:36:04 - Required files loaded successfully
2025-10-27 10:36:04 - MpesaService loaded successfully
2025-10-27 10:36:04 - User ID: 1
2025-10-27 10:36:04 - User orders: 8, Events: 3
2025-10-27 10:36:04 - Rendering dashboard page
2025-10-27 10:36:11 - === DASHBOARD ACCESSED ===
2025-10-27 10:36:11 - Loading required files
2025-10-27 10:36:11 - Required files loaded successfully
2025-10-27 10:36:11 - MpesaService loaded successfully
2025-10-27 10:36:11 - User ID: 1
2025-10-27 10:36:11 - User orders: 8, Events: 3
2025-10-27 10:36:11 - Rendering dashboard page
2025-10-27 10:36:17 - === DASHBOARD ACCESSED ===
2025-10-27 10:36:17 - Loading required files
2025-10-27 10:36:17 - Required files loaded successfully
2025-10-27 10:36:17 - MpesaService loaded successfully
2025-10-27 10:36:17 - User ID: 1
2025-10-27 10:36:17 - User orders: 8, Events: 3
2025-10-27 10:36:17 - Rendering dashboard page
2025-10-27 10:36:21 - === DASHBOARD ACCESSED ===
2025-10-27 10:36:21 - Loading required files
2025-10-27 10:36:21 - Required files loaded successfully
2025-10-27 10:36:21 - MpesaService loaded successfully
2025-10-27 10:36:21 - User ID: 1
2025-10-27 10:36:21 - User orders: 8, Events: 3
2025-10-27 10:36:21 - Rendering dashboard page
2025-10-27 10:36:28 - === DASHBOARD ACCESSED ===
2025-10-27 10:36:28 - Loading required files
2025-10-27 10:36:28 - Required files loaded successfully
2025-10-27 10:36:28 - MpesaService loaded successfully
2025-10-27 10:36:28 - User ID: 1
2025-10-27 10:36:28 - User orders: 8, Events: 3
2025-10-27 10:36:28 - Rendering dashboard page
2025-10-27 10:36:34 - === DASHBOARD ACCESSED ===
2025-10-27 10:36:34 - Loading required files
2025-10-27 10:36:34 - Required files loaded successfully
2025-10-27 10:36:34 - MpesaService loaded successfully
2025-10-27 10:36:34 - User ID: 1
2025-10-27 10:36:34 - User orders: 8, Events: 3
2025-10-27 10:36:34 - Rendering dashboard page
2025-10-27 10:36:41 - === DASHBOARD ACCESSED ===
2025-10-27 10:36:41 - Loading required files
2025-10-27 10:36:41 - Required files loaded successfully
2025-10-27 10:36:41 - MpesaService loaded successfully
2025-10-27 10:36:41 - User ID: 1
2025-10-27 10:36:41 - User orders: 8, Events: 3
2025-10-27 10:36:41 - Rendering dashboard page
2025-10-27 10:36:47 - === DASHBOARD ACCESSED ===
2025-10-27 10:36:47 - Loading required files
2025-10-27 10:36:47 - Required files loaded successfully
2025-10-27 10:36:47 - MpesaService loaded successfully
2025-10-27 10:36:47 - User ID: 1
2025-10-27 10:36:47 - User orders: 8, Events: 3
2025-10-27 10:36:47 - Rendering dashboard page
2025-10-27 10:36:51 - === DASHBOARD ACCESSED ===
2025-10-27 10:36:51 - Loading required files
2025-10-27 10:36:51 - Required files loaded successfully
2025-10-27 10:36:51 - MpesaService loaded successfully
2025-10-27 10:36:51 - User ID: 1
2025-10-27 10:36:51 - User orders: 8, Events: 3
2025-10-27 10:36:51 - Rendering dashboard page
2025-10-27 10:36:58 - === DASHBOARD ACCESSED ===
2025-10-27 10:36:58 - Loading required files
2025-10-27 10:36:58 - Required files loaded successfully
2025-10-27 10:36:58 - MpesaService loaded successfully
2025-10-27 10:36:58 - User ID: 1
2025-10-27 10:36:58 - User orders: 8, Events: 3
2025-10-27 10:36:58 - Rendering dashboard page
2025-10-27 10:37:04 - === DASHBOARD ACCESSED ===
2025-10-27 10:37:04 - Loading required files
2025-10-27 10:37:04 - Required files loaded successfully
2025-10-27 10:37:04 - MpesaService loaded successfully
2025-10-27 10:37:04 - User ID: 1
2025-10-27 10:37:04 - User orders: 8, Events: 3
2025-10-27 10:37:04 - Rendering dashboard page
2025-10-27 10:37:11 - === DASHBOARD ACCESSED ===
2025-10-27 10:37:11 - Loading required files
2025-10-27 10:37:11 - Required files loaded successfully
2025-10-27 10:37:11 - MpesaService loaded successfully
2025-10-27 10:37:11 - User ID: 1
2025-10-27 10:37:11 - User orders: 8, Events: 3
2025-10-27 10:37:11 - Rendering dashboard page
2025-10-27 10:37:17 - === DASHBOARD ACCESSED ===
2025-10-27 10:37:17 - Loading required files
2025-10-27 10:37:17 - Required files loaded successfully
2025-10-27 10:37:17 - MpesaService loaded successfully
2025-10-27 10:37:17 - User ID: 1
2025-10-27 10:37:17 - User orders: 8, Events: 3
2025-10-27 10:37:17 - Rendering dashboard page
2025-10-27 10:37:21 - === DASHBOARD ACCESSED ===
2025-10-27 10:37:21 - Loading required files
2025-10-27 10:37:21 - Required files loaded successfully
2025-10-27 10:37:21 - MpesaService loaded successfully
2025-10-27 10:37:21 - User ID: 1
2025-10-27 10:37:21 - User orders: 8, Events: 3
2025-10-27 10:37:21 - Rendering dashboard page
2025-10-27 10:37:28 - === DASHBOARD ACCESSED ===
2025-10-27 10:37:28 - Loading required files
2025-10-27 10:37:28 - Required files loaded successfully
2025-10-27 10:37:28 - MpesaService loaded successfully
2025-10-27 10:37:28 - User ID: 1
2025-10-27 10:37:28 - User orders: 8, Events: 3
2025-10-27 10:37:28 - Rendering dashboard page
2025-10-27 10:37:34 - === DASHBOARD ACCESSED ===
2025-10-27 10:37:34 - Loading required files
2025-10-27 10:37:34 - Required files loaded successfully
2025-10-27 10:37:34 - MpesaService loaded successfully
2025-10-27 10:37:34 - User ID: 1
2025-10-27 10:37:34 - User orders: 8, Events: 3
2025-10-27 10:37:34 - Rendering dashboard page
2025-10-27 10:37:41 - === DASHBOARD ACCESSED ===
2025-10-27 10:37:41 - Loading required files
2025-10-27 10:37:41 - Required files loaded successfully
2025-10-27 10:37:41 - MpesaService loaded successfully
2025-10-27 10:37:41 - User ID: 1
2025-10-27 10:37:41 - User orders: 8, Events: 3
2025-10-27 10:37:41 - Rendering dashboard page
2025-10-27 10:37:47 - === DASHBOARD ACCESSED ===
2025-10-27 10:37:47 - Loading required files
2025-10-27 10:37:47 - Required files loaded successfully
2025-10-27 10:37:47 - MpesaService loaded successfully
2025-10-27 10:37:47 - User ID: 1
2025-10-27 10:37:47 - User orders: 8, Events: 3
2025-10-27 10:37:47 - Rendering dashboard page
2025-10-27 10:37:51 - === DASHBOARD ACCESSED ===
2025-10-27 10:37:51 - Loading required files
2025-10-27 10:37:51 - Required files loaded successfully
2025-10-27 10:37:51 - MpesaService loaded successfully
2025-10-27 10:37:51 - User ID: 1
2025-10-27 10:37:51 - User orders: 8, Events: 3
2025-10-27 10:37:51 - Rendering dashboard page
2025-10-27 10:37:58 - === DASHBOARD ACCESSED ===
2025-10-27 10:37:58 - Loading required files
2025-10-27 10:37:58 - Required files loaded successfully
2025-10-27 10:37:58 - MpesaService loaded successfully
2025-10-27 10:37:58 - User ID: 1
2025-10-27 10:37:58 - User orders: 8, Events: 3
2025-10-27 10:37:58 - Rendering dashboard page
2025-10-27 10:38:03 - === DASHBOARD ACCESSED ===
2025-10-27 10:38:03 - Loading required files
2025-10-27 10:38:03 - Required files loaded successfully
2025-10-27 10:38:03 - MpesaService loaded successfully
2025-10-27 10:38:03 - User ID: 1
2025-10-27 10:38:03 - User orders: 8, Events: 3
2025-10-27 10:38:03 - Rendering dashboard page
2025-10-27 10:38:10 - === DASHBOARD ACCESSED ===
2025-10-27 10:38:10 - Loading required files
2025-10-27 10:38:10 - Required files loaded successfully
2025-10-27 10:38:10 - MpesaService loaded successfully
2025-10-27 10:38:10 - User ID: 1
2025-10-27 10:38:10 - User orders: 8, Events: 3
2025-10-27 10:38:10 - Rendering dashboard page
2025-10-27 10:38:16 - === DASHBOARD ACCESSED ===
2025-10-27 10:38:16 - Loading required files
2025-10-27 10:38:16 - Required files loaded successfully
2025-10-27 10:38:16 - MpesaService loaded successfully
2025-10-27 10:38:16 - User ID: 1
2025-10-27 10:38:16 - User orders: 8, Events: 3
2025-10-27 10:38:16 - Rendering dashboard page
2025-10-27 10:38:23 - === DASHBOARD ACCESSED ===
2025-10-27 10:38:23 - Loading required files
2025-10-27 10:38:23 - Required files loaded successfully
2025-10-27 10:38:20 - MpesaService loaded successfully
2025-10-27 10:38:20 - User ID: 1
2025-10-27 10:38:20 - User orders: 8, Events: 3
2025-10-27 10:38:20 - Rendering dashboard page
2025-10-27 10:38:27 - === DASHBOARD ACCESSED ===
2025-10-27 10:38:27 - Loading required files
2025-10-27 10:38:27 - Required files loaded successfully
2025-10-27 10:38:27 - MpesaService loaded successfully
2025-10-27 10:38:27 - User ID: 1
2025-10-27 10:38:27 - User orders: 8, Events: 3
2025-10-27 10:38:27 - Rendering dashboard page
2025-10-27 10:38:33 - === DASHBOARD ACCESSED ===
2025-10-27 10:38:33 - Loading required files
2025-10-27 10:38:33 - Required files loaded successfully
2025-10-27 10:38:33 - MpesaService loaded successfully
2025-10-27 10:38:33 - User ID: 1
2025-10-27 10:38:33 - User orders: 8, Events: 3
2025-10-27 10:38:33 - Rendering dashboard page
2025-10-27 10:38:40 - === DASHBOARD ACCESSED ===
2025-10-27 10:38:40 - Loading required files
2025-10-27 10:38:40 - Required files loaded successfully
2025-10-27 10:38:40 - MpesaService loaded successfully
2025-10-27 10:38:40 - User ID: 1
2025-10-27 10:38:40 - User orders: 8, Events: 3
2025-10-27 10:38:40 - Rendering dashboard page
2025-10-27 10:38:46 - === DASHBOARD ACCESSED ===
2025-10-27 10:38:46 - Loading required files
2025-10-27 10:38:46 - Required files loaded successfully
2025-10-27 10:38:46 - MpesaService loaded successfully
2025-10-27 10:38:46 - User ID: 1
2025-10-27 10:38:46 - User orders: 8, Events: 3
2025-10-27 10:38:46 - Rendering dashboard page
2025-10-27 10:38:50 - === DASHBOARD ACCESSED ===
2025-10-27 10:38:50 - Loading required files
2025-10-27 10:38:50 - Required files loaded successfully
2025-10-27 10:38:50 - MpesaService loaded successfully
2025-10-27 10:38:50 - User ID: 1
2025-10-27 10:38:50 - User orders: 8, Events: 3
2025-10-27 10:38:50 - Rendering dashboard page
2025-10-27 10:38:57 - === DASHBOARD ACCESSED ===
2025-10-27 10:38:57 - Loading required files
2025-10-27 10:38:57 - Required files loaded successfully
2025-10-27 10:38:57 - MpesaService loaded successfully
2025-10-27 10:38:57 - User ID: 1
2025-10-27 10:38:57 - User orders: 8, Events: 3
2025-10-27 10:38:57 - Rendering dashboard page
2025-10-27 10:39:03 - === DASHBOARD ACCESSED ===
2025-10-27 10:39:03 - Loading required files
2025-10-27 10:39:03 - Required files loaded successfully
2025-10-27 10:39:03 - MpesaService loaded successfully
2025-10-27 10:39:03 - User ID: 1
2025-10-27 10:39:03 - User orders: 8, Events: 3
2025-10-27 10:39:03 - Rendering dashboard page
2025-10-27 10:39:10 - === DASHBOARD ACCESSED ===
2025-10-27 10:39:10 - Loading required files
2025-10-27 10:39:10 - Required files loaded successfully
2025-10-27 10:39:10 - MpesaService loaded successfully
2025-10-27 10:39:10 - User ID: 1
2025-10-27 10:39:10 - User orders: 8, Events: 3
2025-10-27 10:39:10 - Rendering dashboard page
2025-10-27 10:39:16 - === DASHBOARD ACCESSED ===
2025-10-27 10:39:16 - Loading required files
2025-10-27 10:39:16 - Required files loaded successfully
2025-10-27 10:39:16 - MpesaService loaded successfully
2025-10-27 10:39:16 - User ID: 1
2025-10-27 10:39:16 - User orders: 8, Events: 3
2025-10-27 10:39:16 - Rendering dashboard page
2025-10-27 10:39:20 - === DASHBOARD ACCESSED ===
2025-10-27 10:39:20 - Loading required files
2025-10-27 10:39:20 - Required files loaded successfully
2025-10-27 10:39:20 - MpesaService loaded successfully
2025-10-27 10:39:20 - User ID: 1
2025-10-27 10:39:20 - User orders: 8, Events: 3
2025-10-27 10:39:20 - Rendering dashboard page
2025-10-27 10:39:27 - === DASHBOARD ACCESSED ===
2025-10-27 10:39:27 - Loading required files
2025-10-27 10:39:27 - Required files loaded successfully
2025-10-27 10:39:27 - MpesaService loaded successfully
2025-10-27 10:39:27 - User ID: 1
2025-10-27 10:39:27 - User orders: 8, Events: 3
2025-10-27 10:39:27 - Rendering dashboard page
2025-10-27 10:39:33 - === DASHBOARD ACCESSED ===
2025-10-27 10:39:33 - Loading required files
2025-10-27 10:39:33 - Required files loaded successfully
2025-10-27 10:39:33 - MpesaService loaded successfully
2025-10-27 10:39:33 - User ID: 1
2025-10-27 10:39:33 - User orders: 8, Events: 3
2025-10-27 10:39:33 - Rendering dashboard page
2025-10-27 10:39:40 - === DASHBOARD ACCESSED ===
2025-10-27 10:39:40 - Loading required files
2025-10-27 10:39:40 - Required files loaded successfully
2025-10-27 10:39:40 - MpesaService loaded successfully
2025-10-27 10:39:40 - User ID: 1
2025-10-27 10:39:40 - User orders: 8, Events: 3
2025-10-27 10:39:40 - Rendering dashboard page
2025-10-27 10:39:46 - === DASHBOARD ACCESSED ===
2025-10-27 10:39:46 - Loading required files
2025-10-27 10:39:46 - Required files loaded successfully
2025-10-27 10:39:46 - MpesaService loaded successfully
2025-10-27 10:39:46 - User ID: 1
2025-10-27 10:39:46 - User orders: 8, Events: 3
2025-10-27 10:39:46 - Rendering dashboard page
2025-10-27 10:39:50 - === DASHBOARD ACCESSED ===
2025-10-27 10:39:50 - Loading required files
2025-10-27 10:39:50 - Required files loaded successfully
2025-10-27 10:39:50 - MpesaService loaded successfully
2025-10-27 10:39:50 - User ID: 1
2025-10-27 10:39:50 - User orders: 8, Events: 3
2025-10-27 10:39:50 - Rendering dashboard page
2025-10-27 10:39:57 - === DASHBOARD ACCESSED ===
2025-10-27 10:39:57 - Loading required files
2025-10-27 10:39:57 - Required files loaded successfully
2025-10-27 10:39:57 - MpesaService loaded successfully
2025-10-27 10:39:57 - User ID: 1
2025-10-27 10:39:57 - User orders: 8, Events: 3
2025-10-27 10:39:57 - Rendering dashboard page
2025-10-27 10:40:03 - === DASHBOARD ACCESSED ===
2025-10-27 10:40:03 - Loading required files
2025-10-27 10:40:03 - Required files loaded successfully
2025-10-27 10:40:03 - MpesaService loaded successfully
2025-10-27 10:40:03 - User ID: 1
2025-10-27 10:40:03 - User orders: 8, Events: 3
2025-10-27 10:40:03 - Rendering dashboard page
2025-10-27 10:40:10 - === DASHBOARD ACCESSED ===
2025-10-27 10:40:10 - Loading required files
2025-10-27 10:40:10 - Required files loaded successfully
2025-10-27 10:40:10 - MpesaService loaded successfully
2025-10-27 10:40:10 - User ID: 1
2025-10-27 10:40:10 - User orders: 8, Events: 3
2025-10-27 10:40:10 - Rendering dashboard page
2025-10-27 10:40:16 - === DASHBOARD ACCESSED ===
2025-10-27 10:40:16 - Loading required files
2025-10-27 10:40:16 - Required files loaded successfully
2025-10-27 10:40:16 - MpesaService loaded successfully
2025-10-27 10:40:16 - User ID: 1
2025-10-27 10:40:16 - User orders: 8, Events: 3
2025-10-27 10:40:16 - Rendering dashboard page
2025-10-27 10:40:20 - === DASHBOARD ACCESSED ===
2025-10-27 10:40:20 - Loading required files
2025-10-27 10:40:20 - Required files loaded successfully
2025-10-27 10:40:20 - MpesaService loaded successfully
2025-10-27 10:40:20 - User ID: 1
2025-10-27 10:40:20 - User orders: 8, Events: 3
2025-10-27 10:40:20 - Rendering dashboard page
2025-10-27 10:40:27 - === DASHBOARD ACCESSED ===
2025-10-27 10:40:27 - Loading required files
2025-10-27 10:40:27 - Required files loaded successfully
2025-10-27 10:40:27 - MpesaService loaded successfully
2025-10-27 10:40:27 - User ID: 1
2025-10-27 10:40:27 - User orders: 8, Events: 3
2025-10-27 10:40:27 - Rendering dashboard page
2025-10-27 10:40:33 - === DASHBOARD ACCESSED ===
2025-10-27 10:40:33 - Loading required files
2025-10-27 10:40:33 - Required files loaded successfully
2025-10-27 10:40:33 - MpesaService loaded successfully
2025-10-27 10:40:33 - User ID: 1
2025-10-27 10:40:33 - User orders: 8, Events: 3
2025-10-27 10:40:33 - Rendering dashboard page
2025-10-27 10:40:40 - === DASHBOARD ACCESSED ===
2025-10-27 10:40:40 - Loading required files
2025-10-27 10:40:40 - Required files loaded successfully
2025-10-27 10:40:40 - MpesaService loaded successfully
2025-10-27 10:40:40 - User ID: 1
2025-10-27 10:40:40 - User orders: 8, Events: 3
2025-10-27 10:40:40 - Rendering dashboard page
2025-10-27 10:40:46 - === DASHBOARD ACCESSED ===
2025-10-27 10:40:46 - Loading required files
2025-10-27 10:40:46 - Required files loaded successfully
2025-10-27 10:40:46 - MpesaService loaded successfully
2025-10-27 10:40:46 - User ID: 1
2025-10-27 10:40:46 - User orders: 8, Events: 3
2025-10-27 10:40:46 - Rendering dashboard page
2025-10-27 10:40:50 - === DASHBOARD ACCESSED ===
2025-10-27 10:40:50 - Loading required files
2025-10-27 10:40:50 - Required files loaded successfully
2025-10-27 10:40:50 - MpesaService loaded successfully
2025-10-27 10:40:50 - User ID: 1
2025-10-27 10:40:50 - User orders: 8, Events: 3
2025-10-27 10:40:50 - Rendering dashboard page
2025-10-27 10:40:57 - === DASHBOARD ACCESSED ===
2025-10-27 10:40:57 - Loading required files
2025-10-27 10:40:57 - Required files loaded successfully
2025-10-27 10:40:57 - MpesaService loaded successfully
2025-10-27 10:40:57 - User ID: 1
2025-10-27 10:40:57 - User orders: 8, Events: 3
2025-10-27 10:40:57 - Rendering dashboard page
2025-10-27 10:41:03 - === DASHBOARD ACCESSED ===
2025-10-27 10:41:03 - Loading required files
2025-10-27 10:41:03 - Required files loaded successfully
2025-10-27 10:41:03 - MpesaService loaded successfully
2025-10-27 10:41:03 - User ID: 1
2025-10-27 10:41:03 - User orders: 8, Events: 3
2025-10-27 10:41:03 - Rendering dashboard page
2025-10-27 10:41:10 - === DASHBOARD ACCESSED ===
2025-10-27 10:41:10 - Loading required files
2025-10-27 10:41:10 - Required files loaded successfully
2025-10-27 10:41:10 - MpesaService loaded successfully
2025-10-27 10:41:10 - User ID: 1
2025-10-27 10:41:10 - User orders: 8, Events: 3
2025-10-27 10:41:10 - Rendering dashboard page
2025-10-27 10:41:16 - === DASHBOARD ACCESSED ===
2025-10-27 10:41:16 - Loading required files
2025-10-27 10:41:16 - Required files loaded successfully
2025-10-27 10:41:16 - MpesaService loaded successfully
2025-10-27 10:41:16 - User ID: 1
2025-10-27 10:41:16 - User orders: 8, Events: 3
2025-10-27 10:41:16 - Rendering dashboard page
2025-10-27 10:41:20 - === DASHBOARD ACCESSED ===
2025-10-27 10:41:20 - Loading required files
2025-10-27 10:41:20 - Required files loaded successfully
2025-10-27 10:41:20 - MpesaService loaded successfully
2025-10-27 10:41:20 - User ID: 1
2025-10-27 10:41:20 - User orders: 8, Events: 3
2025-10-27 10:41:20 - Rendering dashboard page
2025-10-27 10:41:27 - === DASHBOARD ACCESSED ===
2025-10-27 10:41:27 - Loading required files
2025-10-27 10:41:27 - Required files loaded successfully
2025-10-27 10:41:27 - MpesaService loaded successfully
2025-10-27 10:41:27 - User ID: 1
2025-10-27 10:41:27 - User orders: 8, Events: 3
2025-10-27 10:41:27 - Rendering dashboard page
2025-10-27 10:41:33 - === DASHBOARD ACCESSED ===
2025-10-27 10:41:33 - Loading required files
2025-10-27 10:41:33 - Required files loaded successfully
2025-10-27 10:41:33 - MpesaService loaded successfully
2025-10-27 10:41:33 - User ID: 1
2025-10-27 10:41:33 - User orders: 8, Events: 3
2025-10-27 10:41:33 - Rendering dashboard page
2025-10-27 10:41:40 - === DASHBOARD ACCESSED ===
2025-10-27 10:41:40 - Loading required files
2025-10-27 10:41:40 - Required files loaded successfully
2025-10-27 10:41:40 - MpesaService loaded successfully
2025-10-27 10:41:40 - User ID: 1
2025-10-27 10:41:40 - User orders: 8, Events: 3
2025-10-27 10:41:40 - Rendering dashboard page
2025-10-27 10:41:46 - === DASHBOARD ACCESSED ===
2025-10-27 10:41:46 - Loading required files
2025-10-27 10:41:46 - Required files loaded successfully
2025-10-27 10:41:46 - MpesaService loaded successfully
2025-10-27 10:41:46 - User ID: 1
2025-10-27 10:41:46 - User orders: 8, Events: 3
2025-10-27 10:41:46 - Rendering dashboard page
2025-10-27 10:41:50 - === DASHBOARD ACCESSED ===
2025-10-27 10:41:50 - Loading required files
2025-10-27 10:41:50 - Required files loaded successfully
2025-10-27 10:41:50 - MpesaService loaded successfully
2025-10-27 10:41:50 - User ID: 1
2025-10-27 10:41:50 - User orders: 8, Events: 3
2025-10-27 10:41:50 - Rendering dashboard page
2025-10-27 10:41:57 - === DASHBOARD ACCESSED ===
2025-10-27 10:41:57 - Loading required files
2025-10-27 10:41:57 - Required files loaded successfully
2025-10-27 10:41:57 - MpesaService loaded successfully
2025-10-27 10:41:57 - User ID: 1
2025-10-27 10:41:57 - User orders: 8, Events: 3
2025-10-27 10:41:57 - Rendering dashboard page
2025-10-27 10:42:03 - === DASHBOARD ACCESSED ===
2025-10-27 10:42:03 - Loading required files
2025-10-27 10:42:03 - Required files loaded successfully
2025-10-27 10:42:03 - MpesaService loaded successfully
2025-10-27 10:42:03 - User ID: 1
2025-10-27 10:42:03 - User orders: 8, Events: 3
2025-10-27 10:42:03 - Rendering dashboard page
2025-10-27 10:42:10 - === DASHBOARD ACCESSED ===
2025-10-27 10:42:10 - Loading required files
2025-10-27 10:42:10 - Required files loaded successfully
2025-10-27 10:42:10 - MpesaService loaded successfully
2025-10-27 10:42:10 - User ID: 1
2025-10-27 10:42:10 - User orders: 8, Events: 3
2025-10-27 10:42:10 - Rendering dashboard page
2025-10-27 10:42:16 - === DASHBOARD ACCESSED ===
2025-10-27 10:42:16 - Loading required files
2025-10-27 10:42:16 - Required files loaded successfully
2025-10-27 10:42:16 - MpesaService loaded successfully
2025-10-27 10:42:16 - User ID: 1
2025-10-27 10:42:16 - User orders: 8, Events: 3
2025-10-27 10:42:17 - Rendering dashboard page
2025-10-27 10:42:20 - === DASHBOARD ACCESSED ===
2025-10-27 10:42:20 - Loading required files
2025-10-27 10:42:20 - Required files loaded successfully
2025-10-27 10:42:20 - MpesaService loaded successfully
2025-10-27 10:42:20 - User ID: 1
2025-10-27 10:42:20 - User orders: 8, Events: 3
2025-10-27 10:42:21 - Rendering dashboard page
2025-10-27 10:42:27 - === DASHBOARD ACCESSED ===
2025-10-27 10:42:27 - Loading required files
2025-10-27 10:42:27 - Required files loaded successfully
2025-10-27 10:42:27 - MpesaService loaded successfully
2025-10-27 10:42:27 - User ID: 1
2025-10-27 10:42:27 - User orders: 8, Events: 3
2025-10-27 10:42:27 - Rendering dashboard page
2025-10-27 10:42:33 - === DASHBOARD ACCESSED ===
2025-10-27 10:42:33 - Loading required files
2025-10-27 10:42:33 - Required files loaded successfully
2025-10-27 10:42:33 - MpesaService loaded successfully
2025-10-27 10:42:33 - User ID: 1
2025-10-27 10:42:34 - User orders: 8, Events: 3
2025-10-27 10:42:34 - Rendering dashboard page
2025-10-27 10:42:40 - === DASHBOARD ACCESSED ===
2025-10-27 10:42:40 - Loading required files
2025-10-27 10:42:40 - Required files loaded successfully
2025-10-27 10:42:40 - MpesaService loaded successfully
2025-10-27 10:42:40 - User ID: 1
2025-10-27 10:42:40 - User orders: 8, Events: 3
2025-10-27 10:42:40 - Rendering dashboard page
2025-10-27 10:42:46 - === DASHBOARD ACCESSED ===
2025-10-27 10:42:46 - Loading required files
2025-10-27 10:42:46 - Required files loaded successfully
2025-10-27 10:42:46 - MpesaService loaded successfully
2025-10-27 10:42:46 - User ID: 1
2025-10-27 10:42:47 - User orders: 8, Events: 3
2025-10-27 10:42:47 - Rendering dashboard page
2025-10-27 10:42:50 - === DASHBOARD ACCESSED ===
2025-10-27 10:42:50 - Loading required files
2025-10-27 10:42:50 - Required files loaded successfully
2025-10-27 10:42:50 - MpesaService loaded successfully
2025-10-27 10:42:50 - User ID: 1
2025-10-27 10:42:50 - User orders: 8, Events: 3
2025-10-27 10:42:51 - Rendering dashboard page
2025-10-27 10:42:57 - === DASHBOARD ACCESSED ===
2025-10-27 10:42:57 - Loading required files
2025-10-27 10:42:57 - Required files loaded successfully
2025-10-27 10:42:57 - MpesaService loaded successfully
2025-10-27 10:42:57 - User ID: 1
2025-10-27 10:42:57 - User orders: 8, Events: 3
2025-10-27 10:42:57 - Rendering dashboard page
2025-10-27 10:43:03 - === DASHBOARD ACCESSED ===
2025-10-27 10:43:03 - Loading required files
2025-10-27 10:43:03 - Required files loaded successfully
2025-10-27 10:43:03 - MpesaService loaded successfully
2025-10-27 10:43:03 - User ID: 1
2025-10-27 10:43:03 - User orders: 8, Events: 3
2025-10-27 10:43:03 - Rendering dashboard page
2025-10-27 10:43:10 - === DASHBOARD ACCESSED ===
2025-10-27 10:43:10 - Loading required files
2025-10-27 10:43:10 - Required files loaded successfully
2025-10-27 10:43:10 - MpesaService loaded successfully
2025-10-27 10:43:10 - User ID: 1
2025-10-27 10:43:10 - User orders: 8, Events: 3
2025-10-27 10:43:10 - Rendering dashboard page
2025-10-27 10:43:16 - === DASHBOARD ACCESSED ===
2025-10-27 10:43:16 - Loading required files
2025-10-27 10:43:16 - Required files loaded successfully
2025-10-27 10:43:16 - MpesaService loaded successfully
2025-10-27 10:43:16 - User ID: 1
2025-10-27 10:43:16 - User orders: 8, Events: 3
2025-10-27 10:43:16 - Rendering dashboard page
2025-10-27 10:43:20 - === DASHBOARD ACCESSED ===
2025-10-27 10:43:20 - Loading required files
2025-10-27 10:43:20 - Required files loaded successfully
2025-10-27 10:43:20 - MpesaService loaded successfully
2025-10-27 10:43:20 - User ID: 1
2025-10-27 10:43:20 - User orders: 8, Events: 3
2025-10-27 10:43:21 - Rendering dashboard page
2025-10-27 10:43:27 - === DASHBOARD ACCESSED ===
2025-10-27 10:43:27 - Loading required files
2025-10-27 10:43:27 - Required files loaded successfully
2025-10-27 10:43:27 - MpesaService loaded successfully
2025-10-27 10:43:27 - User ID: 1
2025-10-27 10:43:27 - User orders: 8, Events: 3
2025-10-27 10:43:27 - Rendering dashboard page
2025-10-27 10:43:33 - === DASHBOARD ACCESSED ===
2025-10-27 10:43:33 - Loading required files
2025-10-27 10:43:33 - Required files loaded successfully
2025-10-27 10:43:33 - MpesaService loaded successfully
2025-10-27 10:43:33 - User ID: 1
2025-10-27 10:43:34 - User orders: 8, Events: 3
2025-10-27 10:43:34 - Rendering dashboard page
2025-10-27 10:43:40 - === DASHBOARD ACCESSED ===
2025-10-27 10:43:40 - Loading required files
2025-10-27 10:43:40 - Required files loaded successfully
2025-10-27 10:43:40 - MpesaService loaded successfully
2025-10-27 10:43:40 - User ID: 1
2025-10-27 10:43:40 - User orders: 8, Events: 3
2025-10-27 10:43:40 - Rendering dashboard page
2025-10-27 10:52:39 - === DASHBOARD ACCESSED ===
2025-10-27 10:52:39 - Loading required files
2025-10-27 10:52:39 - Required files loaded successfully
2025-10-27 10:52:39 - MpesaService loaded successfully
2025-10-27 10:52:39 - User ID: 1
2025-10-27 10:52:39 - User orders: 8, Events: 3
2025-10-27 10:52:39 - Rendering dashboard page
2025-10-27 10:52:45 - === DASHBOARD ACCESSED ===
2025-10-27 10:52:45 - Loading required files
2025-10-27 10:52:45 - Required files loaded successfully
2025-10-27 10:52:45 - MpesaService loaded successfully
2025-10-27 10:52:45 - User ID: 1
2025-10-27 10:52:45 - User orders: 8, Events: 3
2025-10-27 10:52:45 - Rendering dashboard page
2025-10-27 10:52:51 - === DASHBOARD ACCESSED ===
2025-10-27 10:52:51 - Loading required files
2025-10-27 10:52:51 - Required files loaded successfully
2025-10-27 10:52:51 - MpesaService loaded successfully
2025-10-27 10:52:51 - User ID: 1
2025-10-27 10:52:51 - User orders: 8, Events: 3
2025-10-27 10:52:51 - Rendering dashboard page
2025-10-27 10:52:57 - === DASHBOARD ACCESSED ===
2025-10-27 10:52:57 - Loading required files
2025-10-27 10:52:57 - Required files loaded successfully
2025-10-27 10:52:57 - MpesaService loaded successfully
2025-10-27 10:52:57 - User ID: 1
2025-10-27 10:52:57 - User orders: 8, Events: 3
2025-10-27 10:52:57 - Rendering dashboard page
2025-10-27 10:53:04 - === DASHBOARD ACCESSED ===
2025-10-27 10:53:04 - Loading required files
2025-10-27 10:53:04 - Required files loaded successfully
2025-10-27 10:53:04 - MpesaService loaded successfully
2025-10-27 10:53:04 - User ID: 1
2025-10-27 10:53:04 - User orders: 8, Events: 3
2025-10-27 10:53:04 - Rendering dashboard page
2025-10-27 10:53:09 - === DASHBOARD ACCESSED ===
2025-10-27 10:53:09 - Loading required files
2025-10-27 10:53:10 - Required files loaded successfully
2025-10-27 10:53:10 - MpesaService loaded successfully
2025-10-27 10:53:10 - User ID: 1
2025-10-27 10:53:10 - User orders: 8, Events: 3
2025-10-27 10:53:10 - Rendering dashboard page
2025-10-27 10:53:16 - === DASHBOARD ACCESSED ===
2025-10-27 10:53:16 - Loading required files
2025-10-27 10:53:16 - Required files loaded successfully
2025-10-27 10:53:16 - MpesaService loaded successfully
2025-10-27 10:53:16 - User ID: 1
2025-10-27 10:53:16 - User orders: 8, Events: 3
2025-10-27 10:53:16 - Rendering dashboard page
2025-10-27 10:53:22 - === DASHBOARD ACCESSED ===
2025-10-27 10:53:22 - Loading required files
2025-10-27 10:53:23 - Required files loaded successfully
2025-10-27 10:53:23 - MpesaService loaded successfully
2025-10-27 10:53:23 - User ID: 1
2025-10-27 10:53:23 - User orders: 8, Events: 3
2025-10-27 10:53:23 - Rendering dashboard page
2025-10-27 10:53:29 - === DASHBOARD ACCESSED ===
2025-10-27 10:53:29 - Loading required files
2025-10-27 10:53:29 - Required files loaded successfully
2025-10-27 10:53:29 - MpesaService loaded successfully
2025-10-27 10:53:29 - User ID: 1
2025-10-27 10:53:29 - User orders: 8, Events: 3
2025-10-27 10:53:29 - Rendering dashboard page
2025-10-27 10:53:35 - === DASHBOARD ACCESSED ===
2025-10-27 10:53:35 - Loading required files
2025-10-27 10:53:36 - Required files loaded successfully
2025-10-27 10:53:36 - MpesaService loaded successfully
2025-10-27 10:53:36 - User ID: 1
2025-10-27 10:53:36 - User orders: 8, Events: 3
2025-10-27 10:53:36 - Rendering dashboard page
2025-10-27 10:53:39 - === DASHBOARD ACCESSED ===
2025-10-27 10:53:39 - Loading required files
2025-10-27 10:53:39 - Required files loaded successfully
2025-10-27 10:53:39 - MpesaService loaded successfully
2025-10-27 10:53:39 - User ID: 1
2025-10-27 10:53:39 - User orders: 8, Events: 3
2025-10-27 10:53:39 - Rendering dashboard page
2025-10-27 10:53:45 - === DASHBOARD ACCESSED ===
2025-10-27 10:53:45 - Loading required files
2025-10-27 10:53:45 - Required files loaded successfully
2025-10-27 10:53:46 - MpesaService loaded successfully
2025-10-27 10:53:46 - User ID: 1
2025-10-27 10:53:46 - User orders: 8, Events: 3
2025-10-27 10:53:46 - Rendering dashboard page
2025-10-27 10:53:52 - === DASHBOARD ACCESSED ===
2025-10-27 10:53:52 - Loading required files
2025-10-27 10:53:52 - Required files loaded successfully
2025-10-27 10:53:52 - MpesaService loaded successfully
2025-10-27 10:53:52 - User ID: 1
2025-10-27 10:53:52 - User orders: 8, Events: 3
2025-10-27 10:53:52 - Rendering dashboard page
2025-10-27 10:53:58 - === DASHBOARD ACCESSED ===
2025-10-27 10:53:58 - Loading required files
2025-10-27 10:53:58 - Required files loaded successfully
2025-10-27 10:53:58 - MpesaService loaded successfully
2025-10-27 10:53:58 - User ID: 1
2025-10-27 10:53:58 - User orders: 8, Events: 3
2025-10-27 10:53:58 - Rendering dashboard page
2025-10-27 10:54:05 - === DASHBOARD ACCESSED ===
2025-10-27 10:54:05 - Loading required files
2025-10-27 10:54:05 - Required files loaded successfully
2025-10-27 10:54:05 - MpesaService loaded successfully
2025-10-27 10:54:05 - User ID: 1
2025-10-27 10:54:05 - User orders: 8, Events: 3
2025-10-27 10:54:05 - Rendering dashboard page
2025-10-27 10:54:09 - === DASHBOARD ACCESSED ===
2025-10-27 10:54:09 - Loading required files
2025-10-27 10:54:10 - Required files loaded successfully
2025-10-27 10:54:10 - MpesaService loaded successfully
2025-10-27 10:54:10 - User ID: 1
2025-10-27 10:54:10 - User orders: 8, Events: 3
2025-10-27 10:54:10 - Rendering dashboard page
2025-10-27 10:54:16 - === DASHBOARD ACCESSED ===
2025-10-27 10:54:16 - Loading required files
2025-10-27 10:54:16 - Required files loaded successfully
2025-10-27 10:54:16 - MpesaService loaded successfully
2025-10-27 10:54:16 - User ID: 1
2025-10-27 10:54:16 - User orders: 8, Events: 3
2025-10-27 10:54:16 - Rendering dashboard page
2025-10-27 10:54:22 - === DASHBOARD ACCESSED ===
2025-10-27 10:54:22 - Loading required files
2025-10-27 10:54:23 - Required files loaded successfully
2025-10-27 10:54:23 - MpesaService loaded successfully
2025-10-27 10:54:23 - User ID: 1
2025-10-27 10:54:23 - User orders: 8, Events: 3
2025-10-27 10:54:23 - Rendering dashboard page
2025-10-27 10:54:29 - === DASHBOARD ACCESSED ===
2025-10-27 10:54:29 - Loading required files
2025-10-27 10:54:29 - Required files loaded successfully
2025-10-27 10:54:29 - MpesaService loaded successfully
2025-10-27 10:54:29 - User ID: 1
2025-10-27 10:54:29 - User orders: 8, Events: 3
2025-10-27 10:54:29 - Rendering dashboard page
2025-10-27 10:54:35 - === DASHBOARD ACCESSED ===
2025-10-27 10:54:35 - Loading required files
2025-10-27 10:54:36 - Required files loaded successfully
2025-10-27 10:54:36 - MpesaService loaded successfully
2025-10-27 10:54:36 - User ID: 1
2025-10-27 10:54:36 - User orders: 8, Events: 3
2025-10-27 10:54:36 - Rendering dashboard page
2025-10-27 10:54:39 - === DASHBOARD ACCESSED ===
2025-10-27 10:54:39 - Loading required files
2025-10-27 10:54:40 - Required files loaded successfully
2025-10-27 10:54:40 - MpesaService loaded successfully
2025-10-27 10:54:40 - User ID: 1
2025-10-27 10:54:40 - User orders: 8, Events: 3
2025-10-27 10:54:40 - Rendering dashboard page
2025-10-27 10:54:46 - === DASHBOARD ACCESSED ===
2025-10-27 10:54:46 - Loading required files
2025-10-27 10:54:46 - Required files loaded successfully
2025-10-27 10:54:46 - MpesaService loaded successfully
2025-10-27 10:54:46 - User ID: 1
2025-10-27 10:54:46 - User orders: 8, Events: 3
2025-10-27 10:54:46 - Rendering dashboard page
2025-10-27 10:54:52 - === DASHBOARD ACCESSED ===
2025-10-27 10:54:52 - Loading required files
2025-10-27 10:54:53 - Required files loaded successfully
2025-10-27 10:54:53 - MpesaService loaded successfully
2025-10-27 10:54:53 - User ID: 1
2025-10-27 10:54:53 - User orders: 8, Events: 3
2025-10-27 10:54:53 - Rendering dashboard page
2025-10-27 10:54:59 - === DASHBOARD ACCESSED ===
2025-10-27 10:54:59 - Loading required files
2025-10-27 10:54:59 - Required files loaded successfully
2025-10-27 10:54:59 - MpesaService loaded successfully
2025-10-27 10:54:59 - User ID: 1
2025-10-27 10:54:59 - User orders: 8, Events: 3
2025-10-27 10:54:59 - Rendering dashboard page
2025-10-27 10:55:05 - === DASHBOARD ACCESSED ===
2025-10-27 10:55:06 - Loading required files
2025-10-27 10:55:06 - Required files loaded successfully
2025-10-27 10:55:06 - MpesaService loaded successfully
2025-10-27 10:55:06 - User ID: 1
2025-10-27 10:55:06 - User orders: 8, Events: 3
2025-10-27 10:55:06 - Rendering dashboard page
2025-10-27 10:55:09 - === DASHBOARD ACCESSED ===
2025-10-27 10:55:09 - Loading required files
2025-10-27 10:55:10 - Required files loaded successfully
2025-10-27 10:55:10 - MpesaService loaded successfully
2025-10-27 10:55:10 - User ID: 1
2025-10-27 10:55:10 - User orders: 8, Events: 3
2025-10-27 10:55:10 - Rendering dashboard page
2025-10-27 10:55:16 - === DASHBOARD ACCESSED ===
2025-10-27 10:55:16 - Loading required files
2025-10-27 10:55:16 - Required files loaded successfully
2025-10-27 10:55:16 - MpesaService loaded successfully
2025-10-27 10:55:16 - User ID: 1
2025-10-27 10:55:16 - User orders: 8, Events: 3
2025-10-27 10:55:16 - Rendering dashboard page
2025-10-27 10:55:22 - === DASHBOARD ACCESSED ===
2025-10-27 10:55:22 - Loading required files
2025-10-27 10:55:22 - Required files loaded successfully
2025-10-27 10:55:22 - MpesaService loaded successfully
2025-10-27 10:55:22 - User ID: 1
2025-10-27 10:55:22 - User orders: 8, Events: 3
2025-10-27 10:55:22 - Rendering dashboard page
2025-10-27 10:55:29 - === DASHBOARD ACCESSED ===
2025-10-27 10:55:29 - Loading required files
2025-10-27 10:55:29 - Required files loaded successfully
2025-10-27 10:55:29 - MpesaService loaded successfully
2025-10-27 10:55:29 - User ID: 1
2025-10-27 10:55:29 - User orders: 8, Events: 3
2025-10-27 10:55:29 - Rendering dashboard page
2025-10-27 10:55:35 - === DASHBOARD ACCESSED ===
2025-10-27 10:55:35 - Loading required files
2025-10-27 10:55:35 - Required files loaded successfully
2025-10-27 10:55:35 - MpesaService loaded successfully
2025-10-27 10:55:35 - User ID: 1
2025-10-27 10:55:35 - User orders: 8, Events: 3
2025-10-27 10:55:35 - Rendering dashboard page
2025-10-27 10:55:39 - === DASHBOARD ACCESSED ===
2025-10-27 10:55:39 - Loading required files
2025-10-27 10:55:40 - Required files loaded successfully
2025-10-27 10:55:40 - MpesaService loaded successfully
2025-10-27 10:55:40 - User ID: 1
2025-10-27 10:55:40 - User orders: 8, Events: 3
2025-10-27 10:55:40 - Rendering dashboard page
2025-10-27 10:55:46 - === DASHBOARD ACCESSED ===
2025-10-27 10:55:46 - Loading required files
2025-10-27 10:55:46 - Required files loaded successfully
2025-10-27 10:55:46 - MpesaService loaded successfully
2025-10-27 10:55:46 - User ID: 1
2025-10-27 10:55:46 - User orders: 8, Events: 3
2025-10-27 10:55:46 - Rendering dashboard page
2025-10-27 10:55:50 - === DASHBOARD ACCESSED ===
2025-10-27 10:55:50 - Loading required files
2025-10-27 10:55:50 - Required files loaded successfully
2025-10-27 10:55:50 - MpesaService loaded successfully
2025-10-27 10:55:50 - User ID: 1
2025-10-27 10:55:50 - User orders: 8, Events: 3
2025-10-27 10:55:50 - Rendering dashboard page
2025-10-27 12:25:22 - === DASHBOARD ACCESSED ===
2025-10-27 12:25:22 - User not authenticated, redirecting to login
2025-10-29 12:53:05 - === DASHBOARD ACCESSED ===
2025-10-29 12:53:05 - Loading required files
2025-10-29 12:53:05 - Required files loaded successfully
2025-10-29 12:53:06 - MpesaService loaded successfully
2025-10-29 12:53:06 - User ID: 1
2025-10-29 12:53:06 - User orders: 8, Events: 3
2025-10-29 12:53:06 - Rendering dashboard page
2025-10-29 12:53:12 - === DASHBOARD ACCESSED ===
2025-10-29 12:53:12 - Loading required files
2025-10-29 12:53:12 - Required files loaded successfully
2025-10-29 12:53:12 - MpesaService loaded successfully
2025-10-29 12:53:12 - User ID: 1
2025-10-29 12:53:12 - User orders: 8, Events: 3
2025-10-29 12:53:12 - POST request received: Array
(
    [process_payment] => 1
    [order_id] => 10
    [phone] => 0722524741
)

2025-10-29 12:53:12 - Processing M-Pesa payment...
2025-10-29 12:53:12 - Original amount: 2500.00, M-Pesa amount: 2500
2025-10-29 12:53:12 - MpesaService initialized
2025-10-29 12:53:12 - Using ngrok Callback URL: https://tom-primatial-noncontrollablely.ngrok-free.dev/mpesa/mpesa_callback.php
2025-10-29 12:53:12 - Phone validated: 254722524741
2025-10-29 12:53:12 - Initiating STK Push with amount: 2500
2025-10-29 12:53:16 - STK Response: Array
(
    [MerchantRequestID] => d19c-4213-90a5-8a1b7f338f688169
    [CheckoutRequestID] => ws_CO_29102025155316017722524741
    [ResponseCode] => 0
    [ResponseDescription] => Success. Request accepted for processing
    [CustomerMessage] => Success. Request accepted for processing
)

2025-10-29 12:53:16 - Transaction record created
2025-10-29 12:53:16 - Order updated with checkout request ID
2025-10-29 12:53:16 - Payment initiated successfully
2025-10-29 12:53:16 - === DASHBOARD ACCESSED ===
2025-10-29 12:53:16 - Loading required files
2025-10-29 12:53:16 - Required files loaded successfully
2025-10-29 12:53:16 - MpesaService loaded successfully
2025-10-29 12:53:16 - User ID: 1
2025-10-29 12:53:16 - User orders: 8, Events: 3
2025-10-29 12:53:16 - Rendering dashboard page
2025-10-29 12:53:21 - === DASHBOARD ACCESSED ===
2025-10-29 12:53:21 - Loading required files
2025-10-29 12:53:21 - Required files loaded successfully
2025-10-29 12:53:21 - MpesaService loaded successfully
2025-10-29 12:53:21 - User ID: 1
2025-10-29 12:53:21 - User orders: 8, Events: 3
2025-10-29 12:53:21 - Rendering dashboard page
